,time,red,blue,green,clear
0,0.002344846725463867,33.0,236.0,662.0,920.0
1,0.01628589630126953,33.0,236.0,662.0,920.0
2,0.03135418891906738,33.0,236.0,662.0,920.0
3,0.045400142669677734,33.0,236.0,662.0,920.0
4,0.09979891777038574,1748.0,1461.0,1319.0,4610.0
5,0.12049674987792969,1748.0,1461.0,1319.0,4610.0
6,0.13456988334655762,1748.0,1461.0,1319.0,4610.0
7,0.14745807647705078,1748.0,1461.0,1319.0,4610.0
8,0.1624469757080078,1748.0,1461.0,1319.0,4610.0
9,0.1765298843383789,1748.0,1461.0,1319.0,4610.0
10,0.19149994850158691,1748.0,1461.0,1319.0,4610.0
11,0.20545005798339844,1748.0,1461.0,1319.0,4610.0
12,0.21851396560668945,1748.0,1461.0,1319.0,4610.0
13,0.23258399963378906,1748.0,1461.0,1319.0,4610.0
14,0.24551916122436523,3236.0,2541.0,1939.0,7877.0
15,0.25968194007873535,3236.0,2541.0,1939.0,7877.0
16,0.27459001541137695,3236.0,2541.0,1939.0,7877.0
17,0.2896261215209961,3236.0,2541.0,1939.0,7877.0
18,0.3046109676361084,3236.0,2541.0,1939.0,7877.0
19,0.3186187744140625,3236.0,2541.0,1939.0,7877.0
20,0.33365702629089355,3236.0,2541.0,1939.0,7877.0
21,0.34869885444641113,3236.0,2541.0,1939.0,7877.0
22,0.3606839179992676,3236.0,2541.0,1939.0,7877.0
23,0.37472987174987793,3236.0,2541.0,1939.0,7877.0
24,0.38771796226501465,3236.0,2541.0,1939.0,7877.0
25,0.4027221202850342,3236.0,2541.0,1939.0,7877.0
26,0.4157240390777588,3236.0,2541.0,1939.0,7877.0
27,0.42975687980651855,3236.0,2541.0,1939.0,7877.0
28,0.4438049793243408,3236.0,2541.0,1939.0,7877.0
29,0.458873987197876,3236.0,2541.0,1939.0,7877.0
30,0.47402191162109375,3236.0,2541.0,1939.0,7877.0
31,0.48998498916625977,3236.0,2541.0,1939.0,7877.0
32,0.5048351287841797,3236.0,2541.0,1939.0,7877.0
33,0.5188229084014893,3236.0,2541.0,1939.0,7877.0
34,0.5328519344329834,3236.0,2541.0,1939.0,7877.0
35,0.546860933303833,3235.0,2543.0,1947.0,7887.0
36,0.5608980655670166,3235.0,2543.0,1947.0,7887.0
37,0.5749459266662598,3235.0,2543.0,1947.0,7887.0
38,0.5888960361480713,3235.0,2543.0,1947.0,7887.0
39,0.6019058227539062,3235.0,2543.0,1947.0,7887.0
40,0.6169850826263428,3235.0,2543.0,1947.0,7887.0
41,0.6310677528381348,3235.0,2543.0,1947.0,7887.0
42,0.645219087600708,3235.0,2543.0,1947.0,7887.0
43,0.6582441329956055,3235.0,2543.0,1947.0,7887.0
44,0.6710808277130127,3235.0,2543.0,1947.0,7887.0
45,0.6850259304046631,3235.0,2543.0,1947.0,7887.0
46,0.6991548538208008,3235.0,2541.0,1939.0,7877.0
47,0.7141280174255371,3235.0,2541.0,1939.0,7877.0
48,0.7281279563903809,3235.0,2541.0,1939.0,7877.0
49,0.7421717643737793,3235.0,2541.0,1939.0,7877.0
50,0.756126880645752,3235.0,2541.0,1939.0,7877.0
51,0.7701799869537354,3235.0,2541.0,1939.0,7877.0
52,0.7841620445251465,3235.0,2541.0,1939.0,7877.0
53,0.8001589775085449,3235.0,2541.0,1939.0,7877.0
54,0.8143951892852783,3235.0,2541.0,1939.0,7877.0
55,0.8332438468933105,3235.0,2541.0,1939.0,7877.0
56,0.8473808765411377,3235.0,2541.0,1939.0,7877.0
57,0.861332893371582,3235.0,2540.0,1940.0,7877.0
58,0.8752927780151367,3235.0,2540.0,1940.0,7877.0
59,0.889369010925293,3235.0,2540.0,1940.0,7877.0
60,0.9043121337890625,3235.0,2540.0,1940.0,7877.0
61,0.9182929992675781,3235.0,2540.0,1940.0,7877.0
62,0.9323408603668213,3235.0,2540.0,1940.0,7877.0
63,0.9473850727081299,3235.0,2540.0,1940.0,7877.0
64,0.9623968601226807,3235.0,2540.0,1940.0,7877.0
65,0.9753849506378174,3235.0,2540.0,1940.0,7877.0
66,0.9903500080108643,3235.0,2540.0,1940.0,7877.0
67,1.004349946975708,3235.0,2540.0,1940.0,7877.0
68,1.0173819065093994,3236.0,2543.0,1948.0,7887.0
69,1.0315098762512207,3236.0,2543.0,1948.0,7887.0
70,1.0445799827575684,3236.0,2543.0,1948.0,7887.0
71,1.0596089363098145,3236.0,2543.0,1948.0,7887.0
72,1.073612928390503,3236.0,2543.0,1948.0,7887.0
73,1.0876359939575195,3236.0,2543.0,1948.0,7887.0
74,1.1016769409179688,3236.0,2543.0,1948.0,7887.0
75,1.1147289276123047,3236.0,2543.0,1948.0,7887.0
76,1.1300129890441895,3236.0,2543.0,1948.0,7887.0
77,1.1447391510009766,3236.0,2543.0,1948.0,7887.0
78,1.1589508056640625,3236.0,2543.0,1948.0,7887.0
79,1.1730601787567139,3235.0,2540.0,1940.0,7879.0
80,1.188101053237915,3235.0,2540.0,1940.0,7879.0
81,1.2031199932098389,3235.0,2540.0,1940.0,7879.0
82,1.2169017791748047,3235.0,2540.0,1940.0,7879.0
83,1.2319941520690918,3235.0,2540.0,1940.0,7879.0
84,1.247788906097412,3235.0,2540.0,1940.0,7879.0
85,1.2608628273010254,3235.0,2540.0,1940.0,7879.0
86,1.2757408618927002,3235.0,2540.0,1940.0,7879.0
87,1.2907798290252686,3235.0,2540.0,1940.0,7879.0
88,1.3058390617370605,3235.0,2540.0,1940.0,7879.0
89,1.319822072982788,3235.0,2540.0,1940.0,7877.0
90,1.333888053894043,3235.0,2540.0,1940.0,7877.0
91,1.3469438552856445,3235.0,2540.0,1940.0,7877.0
92,1.3608498573303223,3235.0,2540.0,1940.0,7877.0
93,1.3739039897918701,3235.0,2540.0,1940.0,7877.0
94,1.3888518810272217,3235.0,2540.0,1940.0,7877.0
95,1.400879144668579,3235.0,2540.0,1940.0,7877.0
96,1.414930820465088,3235.0,2540.0,1940.0,7877.0
97,1.4279401302337646,3235.0,2540.0,1940.0,7877.0
98,1.442924976348877,3235.0,2540.0,1940.0,7877.0
99,1.4579780101776123,3235.0,2540.0,1940.0,7877.0
100,1.472933053970337,3235.0,2540.0,1940.0,7877.0
101,1.487023115158081,3235.0,2540.0,1940.0,7877.0
102,1.5019829273223877,3235.0,2540.0,1940.0,7877.0
103,1.5170931816101074,3235.0,2540.0,1940.0,7877.0
104,1.5311570167541504,3235.0,2540.0,1940.0,7877.0
105,1.5440609455108643,3235.0,2540.0,1940.0,7877.0
106,1.5569977760314941,3235.0,2540.0,1940.0,7877.0
107,1.5700311660766602,3235.0,2540.0,1940.0,7877.0
108,1.5840671062469482,3235.0,2540.0,1940.0,7877.0
109,1.5970559120178223,3235.0,2540.0,1940.0,7877.0
110,1.6122419834136963,3235.0,2540.0,1940.0,7877.0
111,1.627150058746338,3235.0,2543.0,1948.0,7888.0
112,1.6428439617156982,3235.0,2543.0,1948.0,7888.0
113,1.657214879989624,3235.0,2543.0,1948.0,7888.0
114,1.6722149848937988,3235.0,2543.0,1948.0,7888.0
115,1.6872010231018066,3235.0,2543.0,1948.0,7888.0
116,1.7022020816802979,3235.0,2543.0,1948.0,7888.0
117,1.7162249088287354,3235.0,2543.0,1948.0,7888.0
118,1.7301712036132812,3235.0,2543.0,1948.0,7888.0
119,1.7443478107452393,3235.0,2543.0,1948.0,7888.0
120,1.758357048034668,3235.0,2543.0,1948.0,7888.0
121,1.7733700275421143,3235.0,2540.0,1940.0,7877.0
122,1.7893550395965576,3235.0,2540.0,1940.0,7877.0
123,1.8024981021881104,3235.0,2540.0,1940.0,7877.0
124,1.8164961338043213,3235.0,2540.0,1940.0,7877.0
125,1.8313148021697998,3235.0,2540.0,1940.0,7877.0
126,1.8453309535980225,3235.0,2540.0,1940.0,7877.0
127,1.8604001998901367,3235.0,2540.0,1940.0,7877.0
128,1.873378038406372,3235.0,2540.0,1940.0,7877.0
129,1.8873469829559326,3235.0,2540.0,1940.0,7877.0
130,1.8994359970092773,3235.0,2540.0,1940.0,7877.0
131,1.9133789539337158,3235.0,2540.0,1940.0,7877.0
132,1.92742919921875,3235.0,2540.0,1940.0,7877.0
133,1.9413979053497314,3235.0,2540.0,1940.0,7877.0
134,1.9554290771484375,3235.0,2540.0,1940.0,7877.0
135,1.9694240093231201,3235.0,2540.0,1940.0,7877.0
136,1.9844470024108887,3235.0,2540.0,1940.0,7877.0
137,1.9985220432281494,3235.0,2540.0,1940.0,7877.0
138,2.012518882751465,3235.0,2540.0,1940.0,7877.0
139,2.0264759063720703,3235.0,2540.0,1940.0,7877.0
140,2.0404579639434814,3235.0,2540.0,1940.0,7877.0
141,2.0544519424438477,3235.0,2540.0,1940.0,7877.0
142,2.068485736846924,3235.0,2540.0,1940.0,7877.0
143,2.0815107822418213,3235.0,2542.0,1947.0,7886.0
144,2.095546007156372,3235.0,2542.0,1947.0,7886.0
145,2.110640048980713,3235.0,2542.0,1947.0,7886.0
146,2.1256277561187744,3235.0,2542.0,1947.0,7886.0
147,2.1395719051361084,3235.0,2542.0,1947.0,7886.0
148,2.153593063354492,3235.0,2542.0,1947.0,7886.0
149,2.16764497756958,3235.0,2542.0,1947.0,7886.0
150,2.1818439960479736,3235.0,2542.0,1947.0,7886.0
151,2.1967999935150146,3235.0,2542.0,1947.0,7886.0
152,2.212124824523926,3235.0,2542.0,1947.0,7886.0
153,2.2268929481506348,3235.0,2542.0,1947.0,7886.0
154,2.2408828735351562,3235.0,2540.0,1942.0,7879.0
155,2.254901885986328,3235.0,2540.0,1942.0,7879.0
156,2.2698469161987305,3235.0,2540.0,1942.0,7879.0
157,2.283811092376709,3235.0,2540.0,1942.0,7879.0
158,2.29772686958313,3235.0,2540.0,1942.0,7879.0
159,2.3118441104888916,3235.0,2540.0,1942.0,7879.0
160,2.325863838195801,3235.0,2540.0,1942.0,7879.0
161,2.339869976043701,3235.0,2540.0,1942.0,7879.0
162,2.3548810482025146,3235.0,2540.0,1942.0,7879.0
163,2.3698229789733887,3235.0,2540.0,1942.0,7879.0
164,2.383880853652954,3235.0,2540.0,1942.0,7879.0
165,2.3988101482391357,3235.0,2540.0,1942.0,7878.0
166,2.412871837615967,3235.0,2540.0,1942.0,7878.0
167,2.4279019832611084,3235.0,2540.0,1942.0,7878.0
168,2.4409101009368896,3235.0,2540.0,1942.0,7878.0
169,2.4550540447235107,3235.0,2540.0,1942.0,7878.0
170,2.46789813041687,3235.0,2540.0,1942.0,7878.0
171,2.4830009937286377,3235.0,2540.0,1942.0,7878.0
172,2.4979898929595947,3235.0,2540.0,1942.0,7878.0
173,2.511997938156128,3235.0,2540.0,1942.0,7878.0
174,2.5259881019592285,3235.0,2540.0,1942.0,7878.0
175,2.540037155151367,3235.0,2540.0,1942.0,7878.0
176,2.555067777633667,3235.0,2541.0,1942.0,7879.0
177,2.569082021713257,3235.0,2541.0,1942.0,7879.0
178,2.5840377807617188,3235.0,2541.0,1942.0,7879.0
179,2.5990660190582275,3235.0,2541.0,1942.0,7879.0
180,2.61407208442688,3235.0,2541.0,1942.0,7879.0
181,2.628084897994995,3235.0,2541.0,1942.0,7879.0
182,2.6431920528411865,3235.0,2541.0,1942.0,7879.0
183,2.6561191082000732,3235.0,2541.0,1942.0,7879.0
184,2.6711318492889404,3235.0,2541.0,1942.0,7879.0
185,2.6861979961395264,3235.0,2541.0,1942.0,7879.0
186,2.6982100009918213,3236.0,2542.0,1948.0,7888.0
187,2.7122280597686768,3236.0,2542.0,1948.0,7888.0
188,2.726247787475586,3236.0,2542.0,1948.0,7888.0
189,2.739227771759033,3236.0,2542.0,1948.0,7888.0
190,2.7512428760528564,3236.0,2542.0,1948.0,7888.0
191,2.7642769813537598,3236.0,2542.0,1948.0,7888.0
192,2.7782950401306152,3236.0,2542.0,1948.0,7888.0
193,2.792273998260498,3236.0,2542.0,1948.0,7888.0
194,2.8072638511657715,3236.0,2542.0,1948.0,7888.0
195,2.82132887840271,3236.0,2542.0,1948.0,7888.0
196,2.835325002670288,3236.0,2542.0,1948.0,7888.0
197,2.8483760356903076,3236.0,2540.0,1941.0,7878.0
198,2.8634040355682373,3236.0,2540.0,1941.0,7878.0
199,2.877376079559326,3236.0,2540.0,1941.0,7878.0
200,2.8913159370422363,3236.0,2540.0,1941.0,7878.0
201,2.9053449630737305,3236.0,2540.0,1941.0,7878.0
202,2.9204001426696777,3236.0,2540.0,1941.0,7878.0
203,2.9344329833984375,3236.0,2540.0,1941.0,7878.0
204,2.947437047958374,3236.0,2540.0,1941.0,7878.0
205,2.9614930152893066,3236.0,2540.0,1941.0,7878.0
206,2.9744620323181152,3236.0,2540.0,1941.0,7878.0
207,2.988485813140869,3236.0,2540.0,1941.0,7878.0
208,3.002445936203003,3235.0,2540.0,1941.0,7878.0
209,3.0165538787841797,3235.0,2540.0,1941.0,7878.0
210,3.0304958820343018,3235.0,2540.0,1941.0,7878.0
211,3.0455081462860107,3235.0,2540.0,1941.0,7878.0
212,3.059541940689087,3235.0,2540.0,1941.0,7878.0
213,3.0726168155670166,3235.0,2540.0,1941.0,7878.0
214,3.086606025695801,3235.0,2540.0,1941.0,7878.0
215,3.1005899906158447,3235.0,2540.0,1941.0,7878.0
216,3.113637924194336,3235.0,2540.0,1941.0,7878.0
217,3.128676176071167,3235.0,2540.0,1941.0,7878.0
218,3.1416261196136475,3235.0,2540.0,1941.0,7878.0
219,3.155632972717285,3235.0,2542.0,1949.0,7889.0
220,3.1706879138946533,3235.0,2542.0,1949.0,7889.0
221,3.1856579780578613,3235.0,2542.0,1949.0,7889.0
222,3.199687957763672,3235.0,2542.0,1949.0,7889.0
223,3.2127208709716797,3235.0,2542.0,1949.0,7889.0
224,3.227797031402588,3235.0,2542.0,1949.0,7889.0
225,3.241780996322632,3235.0,2542.0,1949.0,7889.0
226,3.2557530403137207,3235.0,2542.0,1949.0,7889.0
227,3.268803119659424,3235.0,2542.0,1949.0,7889.0
228,3.282809019088745,3235.0,2542.0,1949.0,7889.0
229,3.297775983810425,3235.0,2542.0,1949.0,7889.0
230,3.3128199577331543,3235.0,2540.0,1941.0,7879.0
231,3.327814817428589,3235.0,2540.0,1941.0,7879.0
232,3.342833995819092,3235.0,2540.0,1941.0,7879.0
233,3.3569159507751465,3235.0,2540.0,1941.0,7879.0
234,3.369882822036743,3235.0,2540.0,1941.0,7879.0
235,3.3838388919830322,3235.0,2540.0,1941.0,7879.0
236,3.3968591690063477,3235.0,2540.0,1941.0,7879.0
237,3.412013053894043,3235.0,2540.0,1941.0,7879.0
238,3.4259629249572754,3235.0,2540.0,1941.0,7879.0
239,3.440938949584961,3235.0,2540.0,1941.0,7879.0
240,3.455955982208252,3235.0,2540.0,1941.0,7879.0
241,3.4679250717163086,3235.0,2540.0,1941.0,7878.0
242,3.4810149669647217,3235.0,2540.0,1941.0,7878.0
243,3.495039939880371,3235.0,2540.0,1941.0,7878.0
244,3.5089447498321533,3235.0,2540.0,1941.0,7878.0
245,3.5230000019073486,3235.0,2540.0,1941.0,7878.0
246,3.537058115005493,3235.0,2540.0,1941.0,7878.0
247,3.550039052963257,3235.0,2540.0,1941.0,7878.0
248,3.5650649070739746,3235.0,2540.0,1941.0,7878.0
249,3.580109119415283,3235.0,2540.0,1941.0,7878.0
250,3.595132827758789,3235.0,2540.0,1941.0,7878.0
251,3.6090469360351562,3235.0,2540.0,1941.0,7878.0
252,3.623150110244751,3236.0,2542.0,1946.0,7884.0
253,3.6371278762817383,3236.0,2542.0,1946.0,7884.0
254,3.6511528491973877,3236.0,2542.0,1946.0,7884.0
255,3.6651759147644043,3236.0,2542.0,1946.0,7884.0
256,3.6792030334472656,3236.0,2542.0,1946.0,7884.0
257,3.6931891441345215,3236.0,2542.0,1946.0,7884.0
258,3.7082009315490723,3236.0,2542.0,1946.0,7884.0
259,3.7232041358947754,3236.0,2542.0,1946.0,7884.0
260,3.737208127975464,3236.0,2542.0,1946.0,7884.0
261,3.750473976135254,3236.0,2542.0,1946.0,7884.0
262,3.765286922454834,3236.0,2542.0,1946.0,7884.0
263,3.779716968536377,3235.0,2541.0,1944.0,7882.0
264,3.79328989982605,3235.0,2541.0,1944.0,7882.0
265,3.808274984359741,3235.0,2541.0,1944.0,7882.0
266,3.8232791423797607,3235.0,2541.0,1944.0,7882.0
267,3.838315963745117,3235.0,2541.0,1944.0,7882.0
268,3.8533549308776855,3235.0,2541.0,1944.0,7882.0
269,3.8673441410064697,3235.0,2541.0,1944.0,7882.0
270,3.8824288845062256,3235.0,2541.0,1944.0,7882.0
271,3.897381067276001,3235.0,2541.0,1944.0,7882.0
272,3.9104199409484863,3235.0,2541.0,1944.0,7882.0
273,3.9267578125,3235.0,2541.0,1941.0,7879.0
274,3.97450590133667,3235.0,2541.0,1941.0,7879.0
275,4.058114051818848,3235.0,2541.0,1941.0,7879.0
276,4.07545280456543,3235.0,2541.0,1941.0,7879.0
277,4.089601993560791,3235.0,2543.0,1948.0,7890.0
278,4.102566957473755,3235.0,2543.0,1948.0,7890.0
279,4.1165759563446045,3235.0,2543.0,1948.0,7890.0
280,4.130640745162964,3235.0,2543.0,1948.0,7890.0
281,4.145666122436523,3235.0,2543.0,1948.0,7890.0
282,4.159632921218872,3235.0,2543.0,1948.0,7890.0
283,4.172683000564575,3235.0,2543.0,1948.0,7890.0
284,4.1866700649261475,3235.0,2543.0,1948.0,7890.0
285,4.19966197013855,3235.0,2543.0,1948.0,7890.0
286,4.212679862976074,3235.0,2543.0,1948.0,7890.0
287,4.22762393951416,3235.0,2543.0,1948.0,7890.0
288,4.242681980133057,3235.0,2540.0,1941.0,7877.0
289,4.256706953048706,3235.0,2540.0,1941.0,7877.0
290,4.269700050354004,3235.0,2540.0,1941.0,7877.0
291,4.283734083175659,3235.0,2540.0,1941.0,7877.0
292,4.297683000564575,3235.0,2540.0,1941.0,7877.0
293,4.3127360343933105,3235.0,2540.0,1941.0,7877.0
294,4.327786922454834,3235.0,2540.0,1941.0,7877.0
295,4.342688083648682,3235.0,2540.0,1941.0,7877.0
296,4.356780052185059,3235.0,2540.0,1941.0,7877.0
297,4.370787143707275,3235.0,2540.0,1941.0,7877.0
298,4.383901834487915,3235.0,2540.0,1941.0,7877.0
299,4.399888753890991,3235.0,2540.0,1941.0,7878.0
300,4.414995908737183,3235.0,2540.0,1941.0,7878.0
301,4.432884931564331,3235.0,2540.0,1941.0,7878.0
302,4.450986862182617,3235.0,2540.0,1941.0,7878.0
303,4.467110872268677,3235.0,2540.0,1941.0,7878.0
304,4.482933044433594,3235.0,2540.0,1941.0,7878.0
305,4.4979918003082275,3235.0,2540.0,1941.0,7878.0
306,4.51294207572937,3235.0,2540.0,1941.0,7878.0
307,4.526869058609009,3235.0,2540.0,1941.0,7878.0
308,4.5409440994262695,3235.0,2542.0,1949.0,7888.0
309,4.5560150146484375,3235.0,2542.0,1949.0,7888.0
310,4.571026802062988,3235.0,2542.0,1949.0,7888.0
311,4.586007118225098,3235.0,2542.0,1949.0,7888.0
312,4.601086854934692,3235.0,2542.0,1949.0,7888.0
313,4.615979909896851,3235.0,2542.0,1949.0,7888.0
314,4.62995982170105,3235.0,2542.0,1949.0,7888.0
315,4.643024921417236,3235.0,2542.0,1949.0,7888.0
316,4.655072927474976,3235.0,2542.0,1949.0,7888.0
317,4.6689698696136475,3235.0,2542.0,1949.0,7888.0
318,4.6840949058532715,3235.0,2542.0,1949.0,7888.0
319,4.6970391273498535,3235.0,2540.0,1941.0,7877.0
320,4.712072849273682,3235.0,2540.0,1941.0,7877.0
321,4.727092981338501,3235.0,2540.0,1941.0,7877.0
322,4.7410290241241455,3235.0,2540.0,1941.0,7877.0
323,4.754128932952881,3235.0,2540.0,1941.0,7877.0
324,4.767067909240723,3235.0,2540.0,1941.0,7877.0
325,4.780086994171143,3235.0,2540.0,1941.0,7877.0
326,4.79419207572937,3235.0,2540.0,1941.0,7877.0
327,4.809112071990967,3235.0,2540.0,1941.0,7877.0
328,4.823152780532837,3235.0,2540.0,1941.0,7877.0
329,4.837135076522827,3235.0,2540.0,1941.0,7877.0
330,4.85114598274231,3235.0,2540.0,1941.0,7877.0
331,4.866186857223511,3235.0,2540.0,1941.0,7877.0
332,4.881317853927612,3235.0,2540.0,1941.0,7877.0
333,4.896355152130127,3235.0,2540.0,1941.0,7877.0
334,4.909684896469116,3235.0,2540.0,1941.0,7877.0
335,4.924490928649902,3235.0,2540.0,1941.0,7877.0
336,4.939734935760498,3235.0,2540.0,1941.0,7877.0
337,4.954522132873535,3235.0,2540.0,1941.0,7877.0
338,4.9694578647613525,3235.0,2540.0,1941.0,7877.0
339,4.984489917755127,3235.0,2540.0,1941.0,7877.0
340,4.999657869338989,3235.0,2540.0,1941.0,7877.0
341,5.013705015182495,3235.0,2542.0,1946.0,7884.0
342,5.0287511348724365,3235.0,2542.0,1946.0,7884.0
343,5.04380202293396,3235.0,2542.0,1946.0,7884.0
344,5.05746603012085,3235.0,2542.0,1946.0,7884.0
345,5.071525812149048,3235.0,2542.0,1946.0,7884.0
346,5.0854268074035645,3235.0,2542.0,1946.0,7884.0
347,5.099394083023071,3235.0,2542.0,1946.0,7884.0
348,5.112514019012451,3235.0,2542.0,1946.0,7884.0
349,5.126588821411133,3235.0,2542.0,1946.0,7884.0
350,5.14149284362793,3235.0,2542.0,1946.0,7884.0
351,5.154441833496094,3235.0,2541.0,1945.0,7883.0
352,5.168464183807373,3235.0,2541.0,1945.0,7883.0
353,5.182576894760132,3235.0,2541.0,1945.0,7883.0
354,5.197540998458862,3235.0,2541.0,1945.0,7883.0
355,5.210556983947754,3235.0,2541.0,1945.0,7883.0
356,5.225474119186401,3235.0,2541.0,1945.0,7883.0
357,5.240515947341919,3235.0,2541.0,1945.0,7883.0
358,5.2535669803619385,3235.0,2541.0,1945.0,7883.0
359,5.26849102973938,3235.0,2541.0,1945.0,7883.0
360,5.283504962921143,3235.0,2541.0,1945.0,7883.0
361,5.2986109256744385,3235.0,2541.0,1945.0,7883.0
362,5.3135459423065186,3235.0,2540.0,1941.0,7877.0
363,5.328734874725342,3235.0,2540.0,1941.0,7877.0
364,5.343710899353027,3235.0,2540.0,1941.0,7877.0
365,5.358627080917358,3235.0,2540.0,1941.0,7877.0
366,5.3715879917144775,3235.0,2540.0,1941.0,7877.0
367,5.386643886566162,3235.0,2540.0,1941.0,7877.0
368,5.401723861694336,3235.0,2540.0,1941.0,7877.0
369,5.415632009506226,3235.0,2540.0,1941.0,7877.0
370,5.429717063903809,3235.0,2540.0,1941.0,7877.0
371,5.443847894668579,3235.0,2540.0,1941.0,7877.0
372,5.458806991577148,3235.0,2540.0,1941.0,7877.0
373,5.473679065704346,3236.0,2540.0,1942.0,7878.0
374,5.488759994506836,3236.0,2540.0,1942.0,7878.0
375,5.501775026321411,3236.0,2540.0,1942.0,7878.0
376,5.515923976898193,3236.0,2540.0,1942.0,7878.0
377,5.530900955200195,3236.0,2540.0,1942.0,7878.0
378,5.544884920120239,3236.0,2540.0,1942.0,7878.0
379,5.558879852294922,3236.0,2540.0,1942.0,7878.0
380,5.573786735534668,3236.0,2540.0,1942.0,7878.0
381,5.588763952255249,3236.0,2540.0,1942.0,7878.0
382,5.602803945541382,3236.0,2540.0,1942.0,7878.0
383,5.616925001144409,3236.0,2543.0,1950.0,7890.0
384,5.629861831665039,3236.0,2543.0,1950.0,7890.0
385,5.645057916641235,3236.0,2543.0,1950.0,7890.0
386,5.659008979797363,3236.0,2543.0,1950.0,7890.0
387,5.673847913742065,3236.0,2543.0,1950.0,7890.0
388,5.688872814178467,3236.0,2543.0,1950.0,7890.0
389,5.703834056854248,3236.0,2543.0,1950.0,7890.0
390,5.7178239822387695,3236.0,2543.0,1950.0,7890.0
391,5.7319300174713135,3236.0,2543.0,1950.0,7890.0
392,5.747016906738281,3236.0,2543.0,1950.0,7890.0
393,5.760354995727539,3236.0,2543.0,1950.0,7890.0
394,5.774165868759155,3235.0,2540.0,1941.0,7879.0
395,5.789068937301636,3235.0,2540.0,1941.0,7879.0
396,5.802147150039673,3235.0,2540.0,1941.0,7879.0
397,5.816059112548828,3235.0,2540.0,1941.0,7879.0
398,5.831018924713135,3235.0,2540.0,1941.0,7879.0
399,5.845075845718384,3235.0,2540.0,1941.0,7879.0
400,5.860013008117676,3235.0,2540.0,1941.0,7879.0
401,5.875051021575928,3235.0,2540.0,1941.0,7879.0
402,5.889108896255493,3235.0,2540.0,1941.0,7879.0
403,5.9040398597717285,3235.0,2540.0,1941.0,7879.0
404,5.918081998825073,3235.0,2540.0,1941.0,7879.0
405,5.932019948959351,3235.0,2540.0,1941.0,7878.0
406,5.94720196723938,3235.0,2540.0,1941.0,7878.0
407,5.960097074508667,3235.0,2540.0,1941.0,7878.0
408,5.975191116333008,3235.0,2540.0,1941.0,7878.0
409,5.99008584022522,3235.0,2540.0,1941.0,7878.0
410,6.004197835922241,3235.0,2540.0,1941.0,7878.0
411,6.019120931625366,3235.0,2540.0,1941.0,7878.0
412,6.03410792350769,3235.0,2540.0,1941.0,7878.0
413,6.048151016235352,3235.0,2540.0,1941.0,7878.0
414,6.062201023101807,3235.0,2540.0,1941.0,7878.0
415,6.07837700843811,3236.0,2542.0,1949.0,7890.0
416,6.092310905456543,3236.0,2542.0,1949.0,7890.0
417,6.106213092803955,3236.0,2542.0,1949.0,7890.0
418,6.120328903198242,3236.0,2542.0,1949.0,7890.0
419,6.1353089809417725,3236.0,2542.0,1949.0,7890.0
420,6.150353908538818,3236.0,2542.0,1949.0,7890.0
421,6.163414001464844,3236.0,2542.0,1949.0,7890.0
422,6.17953085899353,3236.0,2542.0,1949.0,7890.0
423,6.194387912750244,3236.0,2542.0,1949.0,7890.0
424,6.20841383934021,3236.0,2542.0,1949.0,7890.0
425,6.222426176071167,3236.0,2542.0,1949.0,7890.0
426,6.2353761196136475,3236.0,2540.0,1942.0,7879.0
427,6.248433828353882,3236.0,2540.0,1942.0,7879.0
428,6.263344049453735,3236.0,2540.0,1942.0,7879.0
429,6.278510093688965,3236.0,2540.0,1942.0,7879.0
430,6.293505907058716,3236.0,2540.0,1942.0,7879.0
431,6.309483051300049,3236.0,2540.0,1942.0,7879.0
432,6.3254170417785645,3236.0,2540.0,1942.0,7879.0
433,6.3404059410095215,3236.0,2540.0,1942.0,7879.0
434,6.355345964431763,3236.0,2540.0,1942.0,7879.0
435,6.369340896606445,3236.0,2540.0,1942.0,7879.0
436,6.382508039474487,3236.0,2541.0,1942.0,7879.0
437,6.39761209487915,3236.0,2541.0,1942.0,7879.0
438,6.411710023880005,3236.0,2541.0,1942.0,7879.0
439,6.427459001541138,3236.0,2541.0,1942.0,7879.0
440,6.441584825515747,3236.0,2541.0,1942.0,7879.0
441,6.455943822860718,3236.0,2541.0,1942.0,7879.0
442,6.470902919769287,3236.0,2541.0,1942.0,7879.0
443,6.485605955123901,3236.0,2541.0,1942.0,7879.0
444,6.499948024749756,3236.0,2541.0,1942.0,7879.0
445,6.513782978057861,3236.0,2541.0,1942.0,7879.0
446,6.529613971710205,3236.0,2541.0,1942.0,7879.0
447,6.544646978378296,3236.0,2543.0,1948.0,7888.0
448,6.5576488971710205,3236.0,2543.0,1948.0,7888.0
449,6.570900917053223,3236.0,2543.0,1948.0,7888.0
450,6.585019111633301,3236.0,2543.0,1948.0,7888.0
451,6.598992109298706,3236.0,2543.0,1948.0,7888.0
452,6.614738941192627,3236.0,2543.0,1948.0,7888.0
453,6.629648923873901,3236.0,2543.0,1948.0,7888.0
454,6.644761085510254,3236.0,2543.0,1948.0,7888.0
455,6.657904863357544,3236.0,2543.0,1948.0,7888.0
456,6.672898054122925,3236.0,2543.0,1948.0,7888.0
457,6.687840938568115,3236.0,2543.0,1948.0,7888.0
458,6.701868057250977,3236.0,2541.0,1943.0,7881.0
459,6.716047048568726,3236.0,2541.0,1943.0,7881.0
460,6.729809999465942,3236.0,2541.0,1943.0,7881.0
461,6.7447509765625,3236.0,2541.0,1943.0,7881.0
462,6.758865833282471,3236.0,2541.0,1943.0,7881.0
463,6.773038148880005,3236.0,2541.0,1943.0,7881.0
464,6.787939071655273,3236.0,2541.0,1943.0,7881.0
465,6.801989793777466,3236.0,2541.0,1943.0,7881.0
466,6.816955089569092,3236.0,2541.0,1943.0,7881.0
467,6.83090615272522,3236.0,2541.0,1943.0,7881.0
468,6.845780849456787,3236.0,2541.0,1942.0,7879.0
469,6.858755111694336,3236.0,2541.0,1942.0,7879.0
470,6.873990774154663,3236.0,2541.0,1942.0,7879.0
471,6.8899760246276855,3236.0,2541.0,1942.0,7879.0
472,6.9028990268707275,3236.0,2541.0,1942.0,7879.0
473,6.916973114013672,3236.0,2541.0,1942.0,7879.0
474,7.055747985839844,3236.0,2543.0,1950.0,7890.0
475,7.079790115356445,3236.0,2543.0,1950.0,7890.0
476,7.094978094100952,3236.0,2543.0,1950.0,7890.0
477,7.109997034072876,3236.0,2543.0,1950.0,7890.0
478,7.1249940395355225,3236.0,2543.0,1950.0,7890.0
479,7.1389758586883545,3236.0,2543.0,1950.0,7890.0
480,7.1539530754089355,3235.0,2541.0,1942.0,7880.0
481,7.168159008026123,3235.0,2541.0,1942.0,7880.0
482,7.183073043823242,3235.0,2541.0,1942.0,7880.0
483,7.198161840438843,3235.0,2541.0,1942.0,7880.0
484,7.213098049163818,3235.0,2541.0,1942.0,7880.0
485,7.227094888687134,3235.0,2541.0,1942.0,7880.0
486,7.239996910095215,3235.0,2541.0,1942.0,7880.0
487,7.254045009613037,3235.0,2541.0,1942.0,7880.0
488,7.2690629959106445,3235.0,2541.0,1942.0,7880.0
489,7.282063007354736,3235.0,2541.0,1942.0,7880.0
490,7.29723596572876,3235.0,2541.0,1942.0,7880.0
491,7.312670946121216,3236.0,2543.0,1948.0,7889.0
492,7.32913613319397,3236.0,2543.0,1948.0,7889.0
493,7.343099117279053,3236.0,2543.0,1948.0,7889.0
494,7.35824990272522,3236.0,2543.0,1948.0,7889.0
495,7.372148036956787,3236.0,2543.0,1948.0,7889.0
496,7.385216951370239,3236.0,2543.0,1948.0,7889.0
497,7.406838893890381,3236.0,2543.0,1948.0,7889.0
498,7.424983978271484,3236.0,2543.0,1948.0,7889.0
499,7.442949056625366,3236.0,2543.0,1948.0,7889.0
500,7.459953784942627,3236.0,2542.0,1944.0,7884.0
501,7.474323987960815,3236.0,2542.0,1944.0,7884.0
502,7.489382982254028,3236.0,2542.0,1944.0,7884.0
503,7.508862018585205,3236.0,2542.0,1944.0,7884.0
504,7.523332118988037,3236.0,2542.0,1944.0,7884.0
505,7.536282062530518,3236.0,2542.0,1944.0,7884.0
506,7.54925012588501,3236.0,2542.0,1944.0,7884.0
507,7.563380002975464,3236.0,2542.0,1944.0,7884.0
508,7.578433036804199,3236.0,2542.0,1944.0,7884.0
509,7.592397928237915,3236.0,2542.0,1944.0,7884.0
510,7.606320858001709,3236.0,2542.0,1944.0,7884.0
511,7.6193928718566895,3235.0,2541.0,1942.0,7881.0
512,7.632360935211182,3235.0,2541.0,1942.0,7881.0
513,7.645371913909912,3235.0,2541.0,1942.0,7881.0
514,7.660414934158325,3235.0,2541.0,1942.0,7881.0
515,7.675388813018799,3235.0,2541.0,1942.0,7881.0
516,7.6884050369262695,3235.0,2541.0,1942.0,7881.0
517,7.702357053756714,3235.0,2541.0,1942.0,7881.0
518,7.71540093421936,3235.0,2541.0,1942.0,7881.0
519,7.7306249141693115,3235.0,2541.0,1942.0,7881.0
520,7.7454259395599365,3235.0,2541.0,1942.0,7881.0
521,7.758405923843384,3235.0,2541.0,1942.0,7881.0
522,7.772464036941528,3236.0,2542.0,1945.0,7886.0
523,7.78542685508728,3236.0,2542.0,1945.0,7886.0
524,7.799722909927368,3236.0,2542.0,1945.0,7886.0
525,7.8146140575408936,3236.0,2542.0,1945.0,7886.0
526,7.830528020858765,3236.0,2542.0,1945.0,7886.0
527,7.843523025512695,3236.0,2542.0,1945.0,7886.0
528,7.857701063156128,3236.0,2542.0,1945.0,7886.0
529,7.872549772262573,3236.0,2542.0,1945.0,7886.0
530,7.8866448402404785,3236.0,2542.0,1945.0,7886.0
531,7.901580095291138,3236.0,2542.0,1945.0,7886.0
532,7.914779901504517,3236.0,2542.0,1945.0,7886.0
533,7.928545951843262,3236.0,2542.0,1946.0,7886.0
534,7.94357705116272,3236.0,2542.0,1946.0,7886.0
535,7.9577038288116455,3236.0,2542.0,1946.0,7886.0
536,7.973577976226807,3236.0,2542.0,1946.0,7886.0
537,7.988224029541016,3236.0,2542.0,1946.0,7886.0
538,8.002630949020386,3236.0,2542.0,1946.0,7886.0
539,8.015729904174805,3236.0,2542.0,1946.0,7886.0
540,8.028924942016602,3236.0,2542.0,1946.0,7886.0
541,8.043919086456299,3236.0,2542.0,1946.0,7886.0
542,8.05881381034851,3236.0,2542.0,1946.0,7886.0
543,8.071840047836304,3236.0,2541.0,1942.0,7881.0
544,8.086788177490234,3236.0,2541.0,1942.0,7881.0
545,8.099788904190063,3236.0,2541.0,1942.0,7881.0
546,8.114749908447266,3236.0,2541.0,1942.0,7881.0
547,8.127858877182007,3236.0,2541.0,1942.0,7881.0
548,8.143781185150146,3236.0,2541.0,1942.0,7881.0
549,8.157936096191406,3236.0,2541.0,1942.0,7881.0
550,8.171913862228394,3236.0,2541.0,1942.0,7881.0
551,8.18486499786377,3236.0,2541.0,1942.0,7881.0
552,8.197926998138428,3236.0,2541.0,1942.0,7881.0
553,8.21390414237976,3236.0,2541.0,1942.0,7881.0
554,8.227824211120605,3235.0,2541.0,1943.0,7881.0
555,8.241712093353271,3235.0,2541.0,1943.0,7881.0
556,8.254793882369995,3235.0,2541.0,1943.0,7881.0
557,8.26975679397583,3235.0,2541.0,1943.0,7881.0
558,8.282825946807861,3235.0,2541.0,1943.0,7881.0
559,8.295830011367798,3235.0,2541.0,1943.0,7881.0
560,8.309789896011353,3235.0,2541.0,1943.0,7881.0
561,8.322783946990967,3235.0,2541.0,1943.0,7881.0
562,8.335861921310425,3235.0,2541.0,1943.0,7881.0
563,8.34890103340149,3235.0,2541.0,1943.0,7881.0
564,8.362867832183838,3235.0,2541.0,1943.0,7881.0
565,8.37581205368042,3235.0,2541.0,1943.0,7881.0
566,8.388945817947388,3236.0,2542.0,1948.0,7888.0
567,8.401883840560913,3236.0,2542.0,1948.0,7888.0
568,8.416004180908203,3236.0,2542.0,1948.0,7888.0
569,8.428905010223389,3236.0,2542.0,1948.0,7888.0
570,8.442983865737915,3236.0,2542.0,1948.0,7888.0
571,8.45788288116455,3236.0,2542.0,1948.0,7888.0
572,8.471925973892212,3236.0,2542.0,1948.0,7888.0
573,8.485049962997437,3236.0,2542.0,1948.0,7888.0
574,8.498229026794434,3236.0,2542.0,1948.0,7888.0
575,8.515128135681152,3236.0,2542.0,1948.0,7888.0
576,8.531157970428467,3236.0,2542.0,1948.0,7888.0
577,8.545338153839111,3235.0,2540.0,1941.0,7879.0
578,8.561196088790894,3235.0,2540.0,1941.0,7879.0
579,8.576026916503906,3235.0,2540.0,1941.0,7879.0
580,8.589092016220093,3235.0,2540.0,1941.0,7879.0
581,8.603013753890991,3235.0,2540.0,1941.0,7879.0
582,8.617085933685303,3235.0,2540.0,1941.0,7879.0
583,8.631264925003052,3235.0,2540.0,1941.0,7879.0
584,8.647247076034546,3235.0,2540.0,1941.0,7879.0
585,8.663404941558838,3235.0,2540.0,1941.0,7879.0
586,8.678123950958252,3235.0,2540.0,1941.0,7879.0
587,8.692069053649902,3235.0,2541.0,1941.0,7880.0
588,8.705101013183594,3235.0,2541.0,1941.0,7880.0
589,8.719129085540771,3235.0,2541.0,1941.0,7880.0
590,8.732157945632935,3235.0,2541.0,1941.0,7880.0
591,8.747102975845337,3235.0,2541.0,1941.0,7880.0
592,8.762134075164795,3235.0,2541.0,1941.0,7880.0
593,8.776142120361328,3235.0,2541.0,1941.0,7880.0
594,8.789127826690674,3235.0,2541.0,1941.0,7880.0
595,8.803205013275146,3235.0,2541.0,1941.0,7880.0
596,8.817177057266235,3235.0,2541.0,1941.0,7880.0
597,8.83218502998352,3235.0,2541.0,1941.0,7880.0
598,8.846181154251099,3236.0,2543.0,1948.0,7889.0
599,8.859179973602295,3236.0,2543.0,1948.0,7889.0
600,8.873189926147461,3236.0,2543.0,1948.0,7889.0
601,8.887173891067505,3236.0,2543.0,1948.0,7889.0
602,8.902233123779297,3236.0,2543.0,1948.0,7889.0
603,8.915231943130493,3236.0,2543.0,1948.0,7889.0
604,8.930269002914429,3236.0,2543.0,1948.0,7889.0
605,8.945275783538818,3236.0,2543.0,1948.0,7889.0
606,8.960274934768677,3236.0,2543.0,1948.0,7889.0
607,8.97528600692749,3236.0,2543.0,1948.0,7889.0
608,8.988241910934448,3236.0,2543.0,1948.0,7889.0
609,9.001299858093262,3236.0,2542.0,1944.0,7882.0
610,9.015264987945557,3236.0,2542.0,1944.0,7882.0
611,9.028292179107666,3236.0,2542.0,1944.0,7882.0
612,9.04128098487854,3236.0,2542.0,1944.0,7882.0
613,9.055341005325317,3236.0,2542.0,1944.0,7882.0
614,9.070335865020752,3236.0,2542.0,1944.0,7882.0
615,9.083369970321655,3236.0,2542.0,1944.0,7882.0
616,9.097388982772827,3236.0,2542.0,1944.0,7882.0
617,9.1112802028656,3236.0,2542.0,1944.0,7882.0
618,9.124268054962158,3236.0,2542.0,1944.0,7882.0
619,9.137501001358032,3236.0,2542.0,1944.0,7882.0
620,9.150388956069946,3235.0,2540.0,1942.0,7879.0
621,9.165426969528198,3235.0,2540.0,1942.0,7879.0
622,9.17929196357727,3235.0,2540.0,1942.0,7879.0
623,9.192338943481445,3235.0,2540.0,1942.0,7879.0
624,9.205371856689453,3235.0,2540.0,1942.0,7879.0
625,9.220485925674438,3235.0,2540.0,1942.0,7879.0
626,9.234458923339844,3235.0,2540.0,1942.0,7879.0
627,9.25047492980957,3235.0,2540.0,1942.0,7879.0
628,9.264472961425781,3235.0,2540.0,1942.0,7879.0
629,9.277410984039307,3235.0,2540.0,1942.0,7879.0
630,9.292998790740967,3235.0,2540.0,1942.0,7879.0
631,9.306586742401123,3235.0,2540.0,1942.0,7880.0
632,9.319492101669312,3235.0,2540.0,1942.0,7880.0
633,9.33256196975708,3235.0,2540.0,1942.0,7880.0
634,9.347481966018677,3235.0,2540.0,1942.0,7880.0
635,9.362509965896606,3235.0,2540.0,1942.0,7880.0
636,9.377521991729736,3235.0,2540.0,1942.0,7880.0
637,9.391495943069458,3235.0,2540.0,1942.0,7880.0
638,9.40650486946106,3235.0,2540.0,1942.0,7880.0
639,9.420557975769043,3235.0,2540.0,1942.0,7880.0
640,9.435558795928955,3235.0,2540.0,1942.0,7880.0
641,9.448653936386108,3235.0,2540.0,1942.0,7880.0
642,9.462618827819824,3236.0,2542.0,1950.0,7890.0
643,9.476619958877563,3236.0,2542.0,1950.0,7890.0
644,9.490563154220581,3236.0,2542.0,1950.0,7890.0
645,9.505630016326904,3236.0,2542.0,1950.0,7890.0
646,9.518601894378662,3236.0,2542.0,1950.0,7890.0
647,9.532624006271362,3236.0,2542.0,1950.0,7890.0
648,9.54662799835205,3236.0,2542.0,1950.0,7890.0
649,9.561684846878052,3236.0,2542.0,1950.0,7890.0
650,9.576627969741821,3236.0,2542.0,1950.0,7890.0
651,9.58964991569519,3236.0,2542.0,1950.0,7890.0
652,9.602627992630005,3236.0,2542.0,1950.0,7890.0
653,9.615882873535156,3235.0,2540.0,1942.0,7879.0
654,9.631181955337524,3235.0,2540.0,1942.0,7879.0
655,9.645868062973022,3235.0,2540.0,1942.0,7879.0
656,9.662210941314697,3235.0,2540.0,1942.0,7879.0
657,9.6791090965271,3235.0,2540.0,1942.0,7879.0
658,9.695343017578125,3235.0,2540.0,1942.0,7879.0
659,9.710340976715088,3235.0,2540.0,1942.0,7879.0
660,9.725368022918701,3235.0,2540.0,1942.0,7879.0
661,9.739835023880005,3235.0,2540.0,1942.0,7879.0
662,9.75391411781311,3235.0,2540.0,1942.0,7879.0
663,9.767887115478516,3235.0,2540.0,1942.0,7879.0
664,9.782922983169556,3235.0,2540.0,1942.0,7879.0
665,9.798076868057251,3235.0,2540.0,1942.0,7879.0
666,9.813124179840088,3235.0,2540.0,1942.0,7879.0
667,9.828420162200928,3235.0,2540.0,1942.0,7879.0
668,9.841949939727783,3235.0,2540.0,1942.0,7879.0
669,9.85506796836853,3235.0,2540.0,1942.0,7879.0
670,9.870032787322998,3235.0,2540.0,1942.0,7879.0
671,9.883952856063843,3235.0,2540.0,1942.0,7879.0
672,9.898391008377075,3235.0,2540.0,1942.0,7879.0
673,9.915300130844116,3236.0,2542.0,1949.0,7889.0
674,9.929443120956421,3236.0,2542.0,1949.0,7889.0
675,9.946224927902222,3236.0,2542.0,1949.0,7889.0
676,9.96246600151062,3236.0,2542.0,1949.0,7889.0
677,9.978081941604614,3236.0,2542.0,1949.0,7889.0
678,9.994317054748535,3236.0,2542.0,1949.0,7889.0
