seqid,log_likelihood, log_likelihood_target
wt,-1.7904905,-1.3505211
V1A,-1.7791201,-1.3244737
V1C,-1.791423,-1.3554636
V1D,-1.7922434,-1.3539702
V1E,-1.79095,-1.3508285
V1F,-1.7904693,-1.3521824
V1G,-1.7721219,-1.313791
V1H,-1.7920341,-1.3556415
V1I,-1.7998736,-1.3723375
V1K,-1.7973273,-1.3631374
V1L,-1.7913835,-1.3537688
V1M,-1.7863154,-1.3349851
V1N,-1.7958533,-1.3607284
V1P,-1.7914346,-1.3502218
V1Q,-1.7903892,-1.3461748
V1R,-1.7969083,-1.3627902
V1S,-1.7831416,-1.3332506
V1T,-1.7954682,-1.3594383
V1W,-1.79108,-1.3550572
V1Y,-1.7886178,-1.3477173
Q2A,-1.7908508,-1.3514454
Q2C,-1.8082695,-1.3945326
Q2D,-1.7935766,-1.3586992
Q2E,-1.7926869,-1.3572083
Q2F,-1.7987704,-1.374107
Q2G,-1.7952249,-1.3634768
Q2H,-1.7982069,-1.3709576
Q2I,-1.796871,-1.3723437
Q2K,-1.7898592,-1.3513604
Q2L,-1.7947527,-1.3643956
Q2M,-1.8106306,-1.3932067
Q2N,-1.7913581,-1.3546528
Q2P,-1.819558,-1.4144899
Q2R,-1.7906358,-1.353156
Q2S,-1.7957355,-1.3642551
Q2T,-1.7928854,-1.3565148
Q2V,-1.7943954,-1.3638674
Q2W,-1.8036684,-1.3850473
Q2Y,-1.7991053,-1.3752166
L3A,-1.8100597,-1.3924686
L3C,-1.8042132,-1.3830111
L3D,-1.8407788,-1.4590917
L3E,-1.8358502,-1.4478725
L3F,-1.8228942,-1.4212661
L3G,-1.8157624,-1.406524
L3H,-1.8355315,-1.4489111
L3I,-1.8038927,-1.3802283
L3K,-1.8369857,-1.4507484
L3M,-1.824418,-1.4205898
L3N,-1.8213906,-1.4164099
L3P,-1.8269907,-1.4297558
L3Q,-1.8330206,-1.4399366
L3R,-1.8306166,-1.4372121
L3S,-1.8288455,-1.4349806
L3T,-1.8281645,-1.4317394
L3V,-1.805127,-1.3831367
L3W,-1.8235855,-1.4226732
L3Y,-1.8216243,-1.418109
Q4A,-1.7953044,-1.3604568
Q4C,-1.8040621,-1.3829756
Q4D,-1.7987437,-1.3695638
Q4E,-1.7945325,-1.3612216
Q4F,-1.7924478,-1.3592774
Q4G,-1.8122684,-1.3992946
Q4H,-1.7923055,-1.3569541
Q4I,-1.7945573,-1.3634919
Q4K,-1.788851,-1.3500601
Q4L,-1.7958603,-1.3653435
Q4M,-1.8025641,-1.3784711
Q4N,-1.7903317,-1.3524122
Q4P,-1.8278174,-1.4315864
Q4R,-1.7917078,-1.3551886
Q4S,-1.7918862,-1.3552924
Q4T,-1.7829329,-1.3341302
Q4V,-1.7916715,-1.3552891
Q4W,-1.800705,-1.3776463
Q4Y,-1.7916192,-1.3589808
E5A,-1.7965665,-1.3648962
E5C,-1.7984891,-1.3703043
E5D,-1.795709,-1.3627892
E5F,-1.83785,-1.454088
E5G,-1.8053404,-1.3853534
E5H,-1.822524,-1.4214623
E5I,-1.8108112,-1.3974546
E5K,-1.815862,-1.4084461
E5L,-1.8128196,-1.399744
E5M,-1.8102701,-1.3935962
E5N,-1.8004848,-1.3739185
E5P,-1.7949036,-1.361161
E5Q,-1.8032597,-1.3774043
E5R,-1.8162566,-1.4103562
E5S,-1.7948346,-1.363268
E5T,-1.7974913,-1.3686315
E5V,-1.8049543,-1.384087
E5W,-1.8371015,-1.4523578
E5Y,-1.8307419,-1.4392332
S6A,-1.7952466,-1.3594198
S6C,-1.8152097,-1.4062469
S6D,-1.8022218,-1.377021
S6E,-1.8014957,-1.376698
S6F,-1.8146806,-1.4049708
S6G,-1.8016387,-1.3751713
S6H,-1.8121516,-1.3970464
S6I,-1.8175596,-1.4124572
S6K,-1.8025477,-1.378037
S6L,-1.8118142,-1.3980843
S6M,-1.8078696,-1.3902649
S6N,-1.799963,-1.372203
S6P,-1.8379334,-1.4519601
S6Q,-1.7992126,-1.3673233
S6R,-1.8038139,-1.3797625
S6T,-1.7946799,-1.3590935
S6V,-1.8104693,-1.3945578
S6W,-1.823364,-1.4236685
S6Y,-1.8150648,-1.4074492
G7A,-1.8478739,-1.4730848
G7C,-1.8587911,-1.5001183
G7D,-1.8477328,-1.4740803
G7E,-1.8460307,-1.4719683
G7F,-1.8646147,-1.5111169
G7H,-1.8617435,-1.5041354
G7I,-1.8588643,-1.5010629
G7K,-1.849592,-1.4792589
G7L,-1.8513292,-1.482146
G7M,-1.8640306,-1.5095091
G7N,-1.8446734,-1.4679192
G7P,-1.861936,-1.5041182
G7Q,-1.8488677,-1.4751309
G7R,-1.8508805,-1.4808432
G7S,-1.8461151,-1.4710661
G7T,-1.855602,-1.490975
G7V,-1.8511611,-1.4823124
G7W,-1.8694055,-1.521381
G7Y,-1.8617469,-1.50582
G8A,-1.8414612,-1.4588885
G8C,-1.8525304,-1.4865866
G8D,-1.8418745,-1.4612185
G8E,-1.8494687,-1.4789499
G8F,-1.8510575,-1.4815396
G8H,-1.854962,-1.4888723
G8I,-1.8577317,-1.499634
G8K,-1.8548961,-1.4903626
G8L,-1.8554293,-1.4906455
G8M,-1.8618788,-1.5041628
G8N,-1.8457445,-1.4695799
G8P,-1.8534088,-1.485257
G8Q,-1.8500129,-1.4771408
G8R,-1.8585538,-1.4970452
G8S,-1.8432266,-1.4642888
G8T,-1.8594203,-1.4992689
G8V,-1.8559799,-1.4929873
G8W,-1.8602006,-1.5009077
G8Y,-1.8485892,-1.4771458
G9A,-1.84256,-1.4617347
G9C,-1.8533244,-1.4895602
G9D,-1.8399549,-1.4579468
G9E,-1.8453252,-1.4703907
G9F,-1.8535339,-1.4873807
G9H,-1.8498824,-1.479312
G9I,-1.8567142,-1.4977274
G9K,-1.8423903,-1.4632775
G9L,-1.8458896,-1.4704449
G9M,-1.857698,-1.4948455
G9N,-1.8409036,-1.4597721
G9P,-1.8557544,-1.4909576
G9Q,-1.8423797,-1.4610039
G9R,-1.8412126,-1.4593118
G9S,-1.8376685,-1.4530555
G9T,-1.8427091,-1.463993
G9V,-1.850739,-1.4819703
G9W,-1.858398,-1.4970711
G9Y,-1.8514657,-1.483579
S10A,-1.7945391,-1.3571297
S10C,-1.8058518,-1.3869909
S10D,-1.803566,-1.3786193
S10E,-1.7917137,-1.3540634
S10F,-1.8138809,-1.403335
S10G,-1.8059065,-1.383605
S10H,-1.8081915,-1.3899381
S10I,-1.8044984,-1.3845477
S10K,-1.7971696,-1.3663164
S10L,-1.8105106,-1.3948132
S10M,-1.8080896,-1.3889356
S10N,-1.8014739,-1.3750793
S10P,-1.8136716,-1.3995234
S10Q,-1.7954524,-1.3592502
S10R,-1.7983747,-1.3673626
S10T,-1.7856914,-1.339664
S10V,-1.7973764,-1.3664981
S10W,-1.8199308,-1.4153619
S10Y,-1.8129052,-1.4024394
V11A,-1.8040218,-1.3783059
V11C,-1.8139548,-1.4018573
V11D,-1.8300378,-1.4351184
V11E,-1.8174872,-1.408463
V11F,-1.7982508,-1.3680941
V11G,-1.8229117,-1.4193598
V11H,-1.805851,-1.3831286
V11I,-1.808214,-1.3904067
V11K,-1.8124076,-1.3970783
V11L,-1.8224676,-1.4185495
V11M,-1.8235842,-1.4193739
V11N,-1.8206602,-1.4144642
V11P,-1.8297318,-1.434123
V11Q,-1.81214,-1.3946266
V11R,-1.8136054,-1.3986788
V11S,-1.8128285,-1.3986022
V11T,-1.8106967,-1.3939307
V11W,-1.8237245,-1.4214083
V11Y,-1.7970483,-1.3656516
Q12A,-1.7844157,-1.3365608
Q12C,-1.8043647,-1.3842361
Q12D,-1.7914145,-1.3530258
Q12E,-1.7887751,-1.3484453
Q12F,-1.8032243,-1.3809496
Q12G,-1.7913306,-1.3531429
Q12H,-1.8020992,-1.3777366
Q12I,-1.8003745,-1.3767158
Q12K,-1.7894995,-1.3509632
Q12L,-1.7971483,-1.3674974
Q12M,-1.8030457,-1.3790554
Q12N,-1.7896636,-1.3513086
Q12P,-1.7810203,-1.3305094
Q12R,-1.7950685,-1.3619064
Q12S,-1.7856416,-1.3422781
Q12T,-1.7886916,-1.3479211
Q12V,-1.7918333,-1.355417
Q12W,-1.812261,-1.4000984
Q12Y,-1.8014092,-1.3781086
A13C,-1.8067632,-1.3903973
A13D,-1.8017788,-1.3767672
A13E,-1.7845194,-1.3409814
A13F,-1.8141577,-1.404752
A13G,-1.803772,-1.3808645
A13H,-1.8100084,-1.3952019
A13I,-1.8010657,-1.3788359
A13K,-1.7983564,-1.3710006
A13L,-1.8071799,-1.3891544
A13M,-1.8081245,-1.3912367
A13N,-1.8029262,-1.3797864
A13P,-1.7856426,-1.3415058
A13Q,-1.795556,-1.3617373
A13R,-1.8031023,-1.3799741
A13S,-1.7942854,-1.3613198
A13T,-1.7953008,-1.3627267
A13V,-1.7905415,-1.3531137
A13W,-1.823708,-1.4249077
A13Y,-1.8124523,-1.4018184
G14A,-1.8330237,-1.4404697
G14C,-1.8451263,-1.4723625
G14D,-1.8269804,-1.4300619
G14E,-1.8310568,-1.4406906
G14F,-1.8463745,-1.4726176
G14H,-1.8403974,-1.4596364
G14I,-1.8503164,-1.4844381
G14K,-1.8296212,-1.4371331
G14L,-1.8371633,-1.4525094
G14M,-1.8443322,-1.467034
G14N,-1.8233382,-1.4225991
G14P,-1.8512669,-1.4812222
G14Q,-1.8306253,-1.43625
G14R,-1.831113,-1.4393315
G14S,-1.8240664,-1.4242333
G14T,-1.8321544,-1.4416054
G14V,-1.8446901,-1.4692512
G14W,-1.8451372,-1.4705149
G14Y,-1.8427889,-1.466416
G15A,-1.817059,-1.4069304
G15C,-1.8445168,-1.4710919
G15D,-1.8144125,-1.4031636
G15E,-1.8203754,-1.4168494
G15F,-1.8512636,-1.483952
G15H,-1.8381295,-1.4553585
G15I,-1.8675752,-1.5232822
G15K,-1.8369993,-1.452925
G15L,-1.8563029,-1.4943433
G15M,-1.851429,-1.4827714
G15N,-1.8311713,-1.4397337
G15P,-1.8619533,-1.5049889
G15Q,-1.8267512,-1.428122
G15R,-1.8426043,-1.4631705
G15S,-1.8170255,-1.4092056
G15T,-1.842735,-1.4645759
G15V,-1.8583565,-1.4992609
G15W,-1.8491904,-1.4787368
G15Y,-1.8456396,-1.4729604
S16A,-1.7995262,-1.3668828
S16C,-1.8186918,-1.415242
S16D,-1.8089803,-1.3893644
S16E,-1.8033191,-1.3786994
S16F,-1.8272231,-1.4326017
S16G,-1.8068044,-1.3847287
S16H,-1.8184237,-1.4120828
S16I,-1.8365293,-1.4556512
S16K,-1.8107516,-1.3959124
S16L,-1.8295795,-1.4359465
S16M,-1.820761,-1.4165274
S16N,-1.8070709,-1.3863212
S16P,-1.8287939,-1.4314443
S16Q,-1.8067716,-1.3836226
S16R,-1.8127348,-1.3980254
S16T,-1.8064437,-1.3843937
S16V,-1.8313029,-1.4395087
S16W,-1.8286353,-1.4345555
S16Y,-1.8249408,-1.4293627
L17A,-1.7880949,-1.3439256
L17C,-1.7966712,-1.3656846
L17D,-1.815491,-1.4034809
L17E,-1.8101649,-1.3925296
L17F,-1.828028,-1.4331478
L17G,-1.8041636,-1.3791299
L17H,-1.8179622,-1.4104246
L17I,-1.7937804,-1.3611578
L17K,-1.8026379,-1.3777573
L17M,-1.7923775,-1.3541987
L17N,-1.8029308,-1.3773707
L17P,-1.8273634,-1.4293644
L17Q,-1.7964832,-1.361393
L17R,-1.79809,-1.3659337
L17S,-1.7964816,-1.3640189
L17T,-1.796129,-1.3628181
L17V,-1.7909625,-1.3515778
L17W,-1.8287337,-1.4339182
L17Y,-1.8251786,-1.4270045
R18A,-1.7903113,-1.3482752
R18C,-1.790059,-1.3521981
R18D,-1.7877647,-1.3442032
R18E,-1.7837884,-1.336541
R18F,-1.8019981,-1.3787782
R18G,-1.7953374,-1.3608665
R18H,-1.8002076,-1.3733728
R18I,-1.7818514,-1.336674
R18K,-1.7830912,-1.3364433
R18L,-1.7825979,-1.3352103
R18M,-1.7863227,-1.3427944
R18N,-1.7819124,-1.3329377
R18P,-1.8109224,-1.3939244
R18Q,-1.7820467,-1.3307369
R18S,-1.784231,-1.33803
R18T,-1.7710122,-1.3084637
R18V,-1.7773553,-1.3230226
R18W,-1.8040289,-1.3812022
R18Y,-1.8016295,-1.3783209
L19A,-1.830534,-1.4356841
L19C,-1.830929,-1.4389819
L19D,-1.8516557,-1.4811044
L19E,-1.8409489,-1.4583565
L19F,-1.8389028,-1.4558619
L19G,-1.8403952,-1.4574625
L19H,-1.843289,-1.4647567
L19I,-1.8177401,-1.4120317
L19K,-1.8405604,-1.4591696
L19M,-1.8244809,-1.4230663
L19N,-1.8401824,-1.45727
L19P,-1.8463902,-1.4705453
L19Q,-1.8335007,-1.4412891
L19R,-1.8442832,-1.465769
L19S,-1.8415612,-1.4610001
L19T,-1.8387502,-1.4548892
L19V,-1.8271277,-1.429689
L19W,-1.854456,-1.4879718
L19Y,-1.8465674,-1.4724542
S20A,-1.7964673,-1.3608057
S20C,-1.8155026,-1.4061204
S20D,-1.8162274,-1.4047347
S20E,-1.800893,-1.3725041
S20F,-1.821094,-1.4193727
S20G,-1.8093147,-1.3900132
S20H,-1.8171452,-1.4084498
S20I,-1.82637,-1.4335507
S20K,-1.8021908,-1.3762603
S20L,-1.8173845,-1.4102708
S20M,-1.8144366,-1.4039462
S20N,-1.8106683,-1.3941848
S20P,-1.8381971,-1.4516436
S20Q,-1.802742,-1.3744217
S20R,-1.8049589,-1.3806956
S20T,-1.7965026,-1.363202
S20V,-1.8165156,-1.4072516
S20W,-1.8296986,-1.436237
S20Y,-1.8200136,-1.4175733
C21A,-1.8009393,-1.3719273
C21D,-1.818212,-1.4092034
C21E,-1.8294034,-1.4336666
C21F,-1.846292,-1.4697543
C21G,-1.8248346,-1.423717
C21H,-1.8446822,-1.4661127
C21I,-1.8302716,-1.4362117
C21K,-1.8415163,-1.4601239
C21L,-1.8364737,-1.4483421
C21M,-1.8253264,-1.4243289
C21N,-1.8136531,-1.3989918
C21P,-1.8497175,-1.477284
C21Q,-1.8347859,-1.4438233
C21R,-1.8424683,-1.461928
C21S,-1.8038031,-1.3800163
C21T,-1.793812,-1.357598
C21V,-1.8058764,-1.3827422
C21W,-1.849166,-1.4767877
C21Y,-1.8446814,-1.4658946
A22C,-1.806663,-1.3907698
A22D,-1.7926748,-1.3584875
A22E,-1.7949647,-1.3639331
A22F,-1.801758,-1.3816675
A22G,-1.8016338,-1.3772393
A22H,-1.7923319,-1.3596847
A22I,-1.8009022,-1.3821996
A22K,-1.7811837,-1.3369246
A22L,-1.794005,-1.3637526
A22M,-1.8005202,-1.378109
A22N,-1.7912661,-1.3575785
A22P,-1.8212708,-1.4192722
A22Q,-1.7845016,-1.3398618
A22R,-1.7914948,-1.3570495
A22S,-1.7896211,-1.3533115
A22T,-1.7925841,-1.3585608
A22V,-1.794993,-1.364546
A22W,-1.8071818,-1.3918136
A22Y,-1.7998766,-1.3785595
A23C,-1.807224,-1.3886809
A23D,-1.8301811,-1.4376239
A23E,-1.8171484,-1.4091749
A23F,-1.8276201,-1.4319566
A23G,-1.806376,-1.3852532
A23H,-1.8166376,-1.4081815
A23I,-1.8353558,-1.4495267
A23K,-1.8094264,-1.3919722
A23L,-1.8256471,-1.4267875
A23M,-1.8067534,-1.3852425
A23N,-1.8234811,-1.4226422
A23P,-1.8273239,-1.4302497
A23Q,-1.8109196,-1.3939694
A23R,-1.8035741,-1.378121
A23S,-1.7987611,-1.370157
A23T,-1.8208885,-1.4173238
A23V,-1.8186612,-1.4118629
A23W,-1.827474,-1.4319085
A23Y,-1.8178207,-1.4115323
S24A,-1.8051322,-1.3783526
S24C,-1.8223752,-1.4232148
S24D,-1.8022342,-1.3755293
S24E,-1.7985047,-1.3684325
S24F,-1.8218888,-1.4206358
S24G,-1.8060384,-1.3829944
S24H,-1.8169515,-1.4086696
S24I,-1.8227313,-1.4248452
S24K,-1.8106333,-1.3948427
S24L,-1.8176752,-1.4105518
S24M,-1.8202512,-1.4163836
S24N,-1.811437,-1.396655
S24P,-1.8399538,-1.4553986
S24Q,-1.8028455,-1.3752912
S24R,-1.8178438,-1.409536
S24T,-1.7969526,-1.3638076
S24V,-1.8165584,-1.4069752
S24W,-1.8282686,-1.4341435
S24Y,-1.82024,-1.4188936
G25A,-1.8404012,-1.4569162
G25C,-1.8455263,-1.4718131
G25D,-1.8237449,-1.4235276
G25E,-1.8313514,-1.441438
G25F,-1.8426702,-1.4629681
G25H,-1.8392855,-1.4565471
G25I,-1.8422712,-1.464931
G25K,-1.8390568,-1.4564174
G25L,-1.8388193,-1.4545002
G25M,-1.8521622,-1.4833982
G25N,-1.8296915,-1.4360447
G25P,-1.8459189,-1.4694915
G25Q,-1.8392321,-1.4551328
G25R,-1.8415656,-1.4602236
G25S,-1.8352212,-1.448152
G25T,-1.8431678,-1.4649518
G25V,-1.8402405,-1.4580923
G25W,-1.8382937,-1.4546078
G25Y,-1.8375664,-1.4536058
D26A,-1.7969123,-1.3606215
D26C,-1.8125072,-1.4027188
D26E,-1.7966235,-1.3642731
D26F,-1.8102589,-1.3950744
D26G,-1.7953262,-1.360119
D26H,-1.8069956,-1.388084
D26I,-1.8105592,-1.3969011
D26K,-1.7958243,-1.3634754
D26L,-1.8064516,-1.3858594
D26M,-1.8104727,-1.3941
D26N,-1.7920862,-1.3562196
D26P,-1.796878,-1.3633447
D26Q,-1.800269,-1.3701252
D26R,-1.8016722,-1.3751711
D26S,-1.7880508,-1.346225
D26T,-1.793204,-1.3568889
D26V,-1.805734,-1.3839496
D26W,-1.8143128,-1.4035802
D26Y,-1.8090028,-1.3942411
T27A,-1.797596,-1.3625693
T27C,-1.806164,-1.3869494
T27D,-1.7846127,-1.3374773
T27E,-1.793196,-1.3567063
T27F,-1.8059556,-1.384531
T27G,-1.8032532,-1.3761687
T27H,-1.8024417,-1.3763978
T27I,-1.8014807,-1.3767565
T27K,-1.7963557,-1.364046
T27L,-1.8016576,-1.3747044
T27M,-1.8074695,-1.3867952
T27N,-1.7903548,-1.3509374
T27P,-1.8211327,-1.4152507
T27Q,-1.79706,-1.3627659
T27R,-1.8005537,-1.3701208
T27S,-1.7904773,-1.3506062
T27V,-1.7995987,-1.3699836
T27W,-1.8088052,-1.3904241
T27Y,-1.802952,-1.3791212
F28A,-1.8082207,-1.3861662
F28C,-1.8164287,-1.407373
F28D,-1.822043,-1.418314
F28E,-1.8259021,-1.4268479
F28G,-1.819983,-1.4122009
F28H,-1.8171335,-1.4075783
F28I,-1.8188567,-1.4128919
F28K,-1.8319463,-1.4387875
F28L,-1.8256297,-1.4250704
F28M,-1.8238195,-1.4200722
F28N,-1.8198142,-1.4128615
F28P,-1.8389206,-1.4534148
F28Q,-1.8292478,-1.4317223
F28R,-1.8340026,-1.4410981
F28S,-1.8168138,-1.4068083
F28T,-1.8203864,-1.4144007
F28V,-1.8143145,-1.4011314
F28W,-1.8174103,-1.4081692
F28Y,-1.8001832,-1.3720512
S29A,-1.7944862,-1.3542228
S29C,-1.8100842,-1.3954757
S29D,-1.7977434,-1.3652357
S29E,-1.8013878,-1.3737228
S29F,-1.811984,-1.3973794
S29G,-1.7951578,-1.3578457
S29H,-1.8013717,-1.3748724
S29I,-1.8154774,-1.4075704
S29K,-1.8004538,-1.37243
S29L,-1.8164665,-1.4070084
S29M,-1.8163161,-1.4057635
S29N,-1.801999,-1.3761414
S29P,-1.8081453,-1.3864942
S29Q,-1.8014874,-1.3723555
S29R,-1.8051131,-1.3808239
S29T,-1.8041602,-1.3792902
S29V,-1.8117118,-1.3958285
S29W,-1.8088752,-1.3905159
S29Y,-1.8078666,-1.3899003
S30A,-1.7979001,-1.3625047
S30C,-1.8124828,-1.40104
S30D,-1.7942674,-1.3579752
S30E,-1.7931666,-1.3563641
S30F,-1.8074472,-1.3878704
S30G,-1.7986531,-1.3660797
S30H,-1.8056175,-1.3838457
S30I,-1.8040445,-1.3822811
S30K,-1.7956938,-1.3623818
S30L,-1.8019085,-1.3749636
S30M,-1.8071829,-1.3862047
S30N,-1.7957617,-1.362373
S30P,-1.829283,-1.4315768
S30Q,-1.7936655,-1.3553264
S30R,-1.8006338,-1.3703101
S30T,-1.7924486,-1.3543457
S30V,-1.802802,-1.3767715
S30W,-1.811876,-1.3976529
S30Y,-1.8037273,-1.3813529
Y31A,-1.8058798,-1.3807313
Y31C,-1.8058758,-1.3829428
Y31D,-1.8017039,-1.373842
Y31E,-1.8032091,-1.3779823
Y31F,-1.7952799,-1.3600118
Y31G,-1.8126836,-1.3960359
Y31H,-1.7984598,-1.3662417
Y31I,-1.8205954,-1.4155228
Y31K,-1.8004057,-1.3679464
Y31L,-1.8028717,-1.375067
Y31M,-1.7977636,-1.3637103
Y31N,-1.8020242,-1.3737963
Y31P,-1.8370013,-1.4482892
Y31Q,-1.8013914,-1.3705356
Y31R,-1.8002006,-1.3665252
Y31S,-1.8058938,-1.382331
Y31T,-1.8148885,-1.4016808
Y31V,-1.8118873,-1.3950616
Y31W,-1.8126891,-1.3974924
S32A,-1.8144188,-1.4004229
S32C,-1.8134463,-1.4005705
S32D,-1.8245234,-1.4230189
S32E,-1.8272364,-1.4296172
S32F,-1.8491873,-1.4761225
S32G,-1.8096894,-1.3908423
S32H,-1.8390032,-1.4545759
S32I,-1.8582712,-1.497204
S32K,-1.8446355,-1.4649744
S32L,-1.8453636,-1.4675695
S32M,-1.8419904,-1.4598157
S32N,-1.8243421,-1.422704
S32P,-1.8471446,-1.4712054
S32Q,-1.8308582,-1.4355346
S32R,-1.8369492,-1.4474348
S32T,-1.8151953,-1.4034716
S32V,-1.8534198,-1.4852555
S32W,-1.847474,-1.4727983
S32Y,-1.8456535,-1.4696217
M33A,-1.7776362,-1.3235726
M33C,-1.7828203,-1.3371767
M33D,-1.7888976,-1.3478959
M33E,-1.7847811,-1.3398877
M33F,-1.8029189,-1.3775038
M33G,-1.7745459,-1.3202633
M33H,-1.7817998,-1.333216
M33I,-1.7936287,-1.3596014
M33K,-1.7809203,-1.3299757
M33L,-1.7932428,-1.3564754
M33N,-1.7861271,-1.3421488
M33P,-1.8119477,-1.3976803
M33Q,-1.7795058,-1.3264171
M33R,-1.7859912,-1.3398678
M33S,-1.774063,-1.3178942
M33T,-1.7795058,-1.3290502
M33V,-1.7850958,-1.3401396
M33W,-1.8035874,-1.3778064
M33Y,-1.7962121,-1.3642333
A34C,-1.8045068,-1.3824614
A34D,-1.8130987,-1.3990923
A34E,-1.8055946,-1.3843727
A34F,-1.8078732,-1.3889161
A34G,-1.8048259,-1.3822008
A34H,-1.8116703,-1.3973434
A34I,-1.8105139,-1.3969506
A34K,-1.8147975,-1.4027765
A34L,-1.8022673,-1.3772548
A34M,-1.8005382,-1.3725891
A34N,-1.811564,-1.3964976
A34P,-1.8312751,-1.4387014
A34Q,-1.8074625,-1.3869997
A34R,-1.814303,-1.4005097
A34S,-1.7932603,-1.357838
A34T,-1.8024058,-1.378011
A34V,-1.802269,-1.3777142
A34W,-1.8216662,-1.4182192
A34Y,-1.8016534,-1.376205
W35A,-1.8008164,-1.3727303
W35C,-1.8044815,-1.3828986
W35D,-1.8250425,-1.4241862
W35E,-1.823561,-1.4221665
W35F,-1.8000436,-1.3716149
W35G,-1.8179817,-1.4107941
W35H,-1.8206725,-1.4161944
W35I,-1.805326,-1.3849856
W35K,-1.8308309,-1.4391161
W35L,-1.8053805,-1.3827137
W35M,-1.8120782,-1.3963923
W35N,-1.8210801,-1.416101
W35P,-1.8331187,-1.442529
W35Q,-1.8244768,-1.4229397
W35R,-1.8265864,-1.4290209
W35S,-1.8100514,-1.3946882
W35T,-1.8026137,-1.3786997
W35V,-1.7965423,-1.364639
W35Y,-1.8030235,-1.3783495
F36A,-1.7974943,-1.3738085
F36C,-1.8058374,-1.3909436
F36D,-1.8242043,-1.4310153
F36E,-1.8253958,-1.4335555
F36G,-1.8077692,-1.3979023
F36H,-1.8142973,-1.4033809
F36I,-1.8104445,-1.3999985
F36K,-1.8291956,-1.4408487
F36L,-1.7980398,-1.369367
F36M,-1.8072652,-1.389218
F36N,-1.8220266,-1.4229176
F36P,-1.8404481,-1.4624919
F36Q,-1.8230634,-1.4272575
F36R,-1.8283831,-1.4384696
F36S,-1.812428,-1.4084263
F36T,-1.811935,-1.4049163
F36V,-1.804421,-1.386711
F36W,-1.7984178,-1.3673594
F36Y,-1.7970706,-1.3651133
R37A,-1.7933153,-1.3580843
R37C,-1.7907693,-1.3545145
R37D,-1.7924418,-1.3570322
R37E,-1.8039746,-1.3825821
R37F,-1.8114171,-1.397546
R37G,-1.807532,-1.3929863
R37H,-1.8034039,-1.3804607
R37I,-1.8176305,-1.4133191
R37K,-1.7905879,-1.3518636
R37L,-1.809299,-1.3940277
R37M,-1.793569,-1.359439
R37N,-1.7929668,-1.3581009
R37P,-1.8357713,-1.449595
R37Q,-1.7987578,-1.3694258
R37S,-1.7820307,-1.335445
R37T,-1.7986107,-1.3702209
R37V,-1.8142741,-1.4043415
R37W,-1.811378,-1.3967878
R37Y,-1.8046526,-1.3837296
Q38A,-1.8029654,-1.3783857
Q38C,-1.8031638,-1.3811663
Q38D,-1.8178068,-1.4105886
Q38E,-1.7947129,-1.3616638
Q38F,-1.8308879,-1.439425
Q38G,-1.8232198,-1.4253447
Q38H,-1.8177342,-1.4112726
Q38I,-1.806626,-1.3887612
Q38K,-1.805943,-1.3847305
Q38L,-1.8151438,-1.4050988
Q38M,-1.8067366,-1.3865316
Q38N,-1.8076392,-1.3891098
Q38P,-1.8417424,-1.4614809
Q38R,-1.8049183,-1.3816499
Q38S,-1.8036984,-1.3819685
Q38T,-1.7988772,-1.37041
Q38V,-1.7959148,-1.3633951
Q38W,-1.8287462,-1.4355919
Q38Y,-1.8274062,-1.433256
A39C,-1.8169199,-1.4145023
A39D,-1.8141303,-1.404499
A39E,-1.8039718,-1.382385
A39F,-1.8257043,-1.4315021
A39G,-1.8088019,-1.3915161
A39H,-1.8164035,-1.4102981
A39I,-1.8293482,-1.4412662
A39K,-1.8058535,-1.3870633
A39L,-1.823597,-1.4244293
A39M,-1.8173871,-1.4111875
A39N,-1.8171535,-1.4113637
A39P,-1.8112433,-1.3968487
A39Q,-1.803308,-1.3783572
A39R,-1.806552,-1.3867135
A39S,-1.794145,-1.36175
A39T,-1.8035169,-1.3812808
A39V,-1.8223038,-1.4219121
A39W,-1.828298,-1.4364808
A39Y,-1.8202485,-1.4209963
P40A,-1.8022753,-1.3734593
P40C,-1.8208137,-1.4272554
P40D,-1.8001221,-1.3725854
P40E,-1.7992221,-1.372066
P40F,-1.8157758,-1.4103781
P40G,-1.8078791,-1.3884084
P40H,-1.8117354,-1.4004982
P40I,-1.8121558,-1.4037184
P40K,-1.8042932,-1.3836358
P40L,-1.8134359,-1.4036592
P40M,-1.8190017,-1.4154162
P40N,-1.804767,-1.3842014
P40Q,-1.8041929,-1.3803834
P40R,-1.8093414,-1.3945605
P40S,-1.7976129,-1.3679409
P40T,-1.8013891,-1.3753142
P40V,-1.806867,-1.3886576
P40W,-1.8200899,-1.4202508
P40Y,-1.8132591,-1.4066734
G41A,-1.8199754,-1.4128253
G41C,-1.8301108,-1.4446896
G41D,-1.8090692,-1.3922012
G41E,-1.8115408,-1.3988659
G41F,-1.8257262,-1.430892
G41H,-1.8168572,-1.4114687
G41I,-1.8379118,-1.4592183
G41K,-1.815,-1.4077611
G41L,-1.8221126,-1.4220854
G41M,-1.8283389,-1.4356294
G41N,-1.8073052,-1.390222
G41P,-1.8414963,-1.4615948
G41Q,-1.8169814,-1.4083523
G41R,-1.8190515,-1.4153025
G41S,-1.8125697,-1.4010684
G41T,-1.8205585,-1.4179548
G41V,-1.8318918,-1.4426234
G41W,-1.8278974,-1.4355184
G41Y,-1.8217574,-1.4241941
K42A,-1.8018888,-1.3696318
K42C,-1.8136084,-1.4026217
K42D,-1.804527,-1.3796751
K42E,-1.7941526,-1.3588212
K42F,-1.8142725,-1.4030863
K42G,-1.7997499,-1.3671632
K42H,-1.8047926,-1.3810717
K42I,-1.82554,-1.4290826
K42L,-1.8083433,-1.3894149
K42M,-1.806472,-1.384815
K42N,-1.8057289,-1.3823763
K42P,-1.8417928,-1.4572618
K42Q,-1.7939616,-1.3543806
K42R,-1.8009222,-1.371015
K42S,-1.8006711,-1.3710029
K42T,-1.8106145,-1.39196
K42V,-1.8191836,-1.4111518
K42W,-1.8206049,-1.4164429
K42Y,-1.8089504,-1.3929799
E43A,-1.797535,-1.3627768
E43C,-1.814493,-1.4064834
E43D,-1.7917756,-1.3538591
E43F,-1.8138013,-1.4045035
E43G,-1.8108618,-1.3945825
E43H,-1.807373,-1.3886073
E43I,-1.8142692,-1.4045235
E43K,-1.8029404,-1.368974
E43L,-1.811794,-1.3936278
E43M,-1.8042399,-1.3794135
E43N,-1.8004807,-1.3712931
E43P,-1.8008227,-1.3714381
E43Q,-1.7973832,-1.3612041
E43R,-1.7971679,-1.3595314
E43S,-1.7987264,-1.3680673
E43T,-1.8047981,-1.3796334
E43V,-1.80759,-1.3858337
E43W,-1.8050845,-1.3850389
E43Y,-1.809494,-1.3969114
C44A,-1.7940297,-1.3556938
C44D,-1.8158578,-1.4028666
C44E,-1.8223662,-1.4174905
C44F,-1.8371718,-1.4496742
C44G,-1.8211346,-1.4160771
C44H,-1.830749,-1.435039
C44I,-1.8386565,-1.4538256
C44K,-1.8380078,-1.4509765
C44L,-1.8238782,-1.4204625
C44M,-1.8224062,-1.4169403
C44N,-1.8097237,-1.3901383
C44P,-1.8387451,-1.4518312
C44Q,-1.8281449,-1.4275285
C44R,-1.8385849,-1.4524359
C44S,-1.8010153,-1.3726789
C44T,-1.7894952,-1.3470154
C44V,-1.816401,-1.4047177
C44W,-1.8486714,-1.4734546
C44Y,-1.8418223,-1.4595624
E45A,-1.8178611,-1.407035
E45C,-1.8110921,-1.3963906
E45D,-1.8178931,-1.4087158
E45F,-1.8314421,-1.4394174
E45G,-1.8227361,-1.4187871
E45H,-1.8196386,-1.4135494
E45I,-1.8035594,-1.3810505
E45K,-1.8113041,-1.3946848
E45L,-1.8008342,-1.3726896
E45M,-1.8073883,-1.3862602
E45N,-1.8142531,-1.4014492
E45P,-1.8402057,-1.4561793
E45Q,-1.8065393,-1.3828163
E45R,-1.80992,-1.3906506
E45S,-1.8135698,-1.4001602
E45T,-1.8023406,-1.3756651
E45V,-1.8008687,-1.3729153
E45W,-1.8242552,-1.4234575
E45Y,-1.8284179,-1.4335976
L46A,-1.819206,-1.4119655
L46C,-1.8115641,-1.3982021
L46D,-1.8192518,-1.4130106
L46E,-1.8024235,-1.3777598
L46F,-1.8340636,-1.4440675
L46G,-1.8236264,-1.4224974
L46H,-1.8214722,-1.4169673
L46I,-1.8188082,-1.4144893
L46K,-1.8179986,-1.4085703
L46M,-1.7965312,-1.3625691
L46N,-1.8121,-1.396089
L46P,-1.8459146,-1.4691542
L46Q,-1.7883104,-1.3445015
L46R,-1.8171954,-1.4070605
L46S,-1.8174127,-1.4092821
L46T,-1.823168,-1.421987
L46V,-1.8187116,-1.4128327
L46W,-1.8395288,-1.4548718
L46Y,-1.8322972,-1.4407511
V47A,-1.808456,-1.3881608
V47C,-1.8058249,-1.3854622
V47D,-1.8113594,-1.3949394
V47E,-1.817699,-1.4097133
V47F,-1.8230131,-1.4209244
V47G,-1.8222978,-1.4181651
V47H,-1.825879,-1.4266526
V47I,-1.7974145,-1.3668764
V47K,-1.8222593,-1.4185913
V47L,-1.8182583,-1.4101658
V47M,-1.8118562,-1.3958204
V47N,-1.8216504,-1.41662
V47P,-1.8411098,-1.4589951
V47Q,-1.8174948,-1.407034
V47R,-1.8212476,-1.4152005
V47S,-1.8070055,-1.3863019
V47T,-1.8018036,-1.375021
V47W,-1.8283907,-1.4322516
V47Y,-1.8228056,-1.4212378
S48A,-1.7864842,-1.3405203
S48C,-1.80045,-1.3734006
S48D,-1.8213602,-1.4156437
S48E,-1.8245502,-1.4228853
S48F,-1.8412836,-1.4600457
S48G,-1.7893603,-1.3466296
S48H,-1.8289729,-1.4331057
S48I,-1.8392402,-1.4580506
S48K,-1.8326955,-1.4407351
S48L,-1.8305964,-1.4371448
S48M,-1.824163,-1.4221667
S48N,-1.8159392,-1.4045502
S48P,-1.8322664,-1.4396533
S48Q,-1.8217931,-1.4160058
S48R,-1.8355566,-1.4457206
S48T,-1.8032379,-1.3781236
S48V,-1.8237563,-1.4224936
S48W,-1.8422464,-1.4618809
S48Y,-1.8422114,-1.4625369
N49A,-1.7864617,-1.3412722
N49C,-1.7906333,-1.3526242
N49D,-1.8064711,-1.385463
N49E,-1.7942278,-1.3596667
N49F,-1.804878,-1.382223
N49G,-1.7832137,-1.3358161
N49H,-1.7972009,-1.3656207
N49I,-1.7870244,-1.345145
N49K,-1.7947502,-1.3590925
N49L,-1.8002557,-1.3718715
N49M,-1.7912165,-1.3516489
N49P,-1.8099899,-1.3921766
N49Q,-1.7908838,-1.3501767
N49R,-1.7857221,-1.3380547
N49S,-1.7811961,-1.3311943
N49T,-1.7812601,-1.3313366
N49V,-1.7846892,-1.3384609
N49W,-1.8121961,-1.3977871
N49Y,-1.7992322,-1.3711716
I50A,-1.8026053,-1.3744825
I50C,-1.7971308,-1.3656946
I50D,-1.8164802,-1.4051439
I50E,-1.8044591,-1.3799347
I50F,-1.8343378,-1.4440954
I50G,-1.8210104,-1.4155308
I50H,-1.8240823,-1.4222412
I50K,-1.8025755,-1.375826
I50L,-1.8066885,-1.3838644
I50M,-1.8007278,-1.3705436
I50N,-1.8080496,-1.3873177
I50P,-1.8389252,-1.4535162
I50Q,-1.7956011,-1.3588312
I50R,-1.800666,-1.3699888
I50S,-1.8016834,-1.3746002
I50T,-1.8008245,-1.3717799
I50V,-1.7923045,-1.3528597
I50W,-1.8296378,-1.4337832
I50Y,-1.8287417,-1.4330094
L51A,-1.7911699,-1.350588
L51C,-1.8036761,-1.3811285
L51D,-1.8008202,-1.3732419
L51E,-1.7979908,-1.3673356
L51F,-1.807112,-1.3868953
L51G,-1.8058164,-1.3831449
L51H,-1.80469,-1.3819216
L51I,-1.815218,-1.4057648
L51K,-1.7948499,-1.3592784
L51M,-1.8001401,-1.3705069
L51N,-1.8021303,-1.3757133
L51P,-1.80356,-1.3784933
L51Q,-1.7952017,-1.3593097
L51R,-1.7959055,-1.3607931
L51S,-1.7839745,-1.3373554
L51T,-1.7966475,-1.3642612
L51V,-1.8124709,-1.3979443
L51W,-1.8146621,-1.4032552
L51Y,-1.8095756,-1.3929485
A52C,-1.8285624,-1.4362558
A52D,-1.8288672,-1.4344603
A52E,-1.8311814,-1.4397706
A52F,-1.8336275,-1.4456978
A52G,-1.8140488,-1.4017555
A52H,-1.8264493,-1.4301947
A52I,-1.8545289,-1.491863
A52K,-1.8332882,-1.4443575
A52L,-1.845392,-1.4702618
A52M,-1.8424827,-1.4634701
A52N,-1.829102,-1.4354584
A52P,-1.8372048,-1.452268
A52Q,-1.8269264,-1.4289043
A52R,-1.8364152,-1.4499427
A52S,-1.8032608,-1.3800379
A52T,-1.8393258,-1.457208
A52V,-1.8462263,-1.4717417
A52W,-1.8377315,-1.454532
A52Y,-1.8299612,-1.438819
S53A,-1.7969837,-1.3613573
S53C,-1.8145341,-1.4062614
S53D,-1.8015009,-1.3741758
S53E,-1.8007265,-1.3733858
S53F,-1.819039,-1.4135232
S53G,-1.8045245,-1.3791256
S53H,-1.8137139,-1.4015286
S53I,-1.8069717,-1.3889053
S53K,-1.7985107,-1.3682846
S53L,-1.8060175,-1.3845222
S53M,-1.8130622,-1.399189
S53N,-1.8045785,-1.3812279
S53P,-1.8236378,-1.4213676
S53Q,-1.8034608,-1.3764157
S53R,-1.8040034,-1.3784622
S53T,-1.7936009,-1.3568373
S53V,-1.8038614,-1.3793012
S53W,-1.8203349,-1.4168714
S53Y,-1.8157392,-1.407879
N54A,-1.8093542,-1.3870027
N54C,-1.8180108,-1.4135197
N54D,-1.7863402,-1.3399826
N54E,-1.8070834,-1.3852874
N54F,-1.8272196,-1.4304627
N54G,-1.8285147,-1.43007
N54H,-1.8202566,-1.4152154
N54I,-1.825965,-1.4293206
N54K,-1.8075655,-1.3877226
N54L,-1.8234359,-1.421439
N54M,-1.8235495,-1.4210852
N54P,-1.8393484,-1.4543139
N54Q,-1.8115921,-1.3928425
N54R,-1.8128185,-1.3977796
N54S,-1.8053756,-1.3825048
N54T,-1.8153449,-1.4035066
N54V,-1.8209078,-1.4156609
N54W,-1.8335239,-1.4441155
N54Y,-1.8236508,-1.423963
P55A,-1.802628,-1.37469
P55C,-1.8139114,-1.405359
P55D,-1.8086101,-1.3902901
P55E,-1.7964579,-1.3655955
P55F,-1.8221081,-1.4215181
P55G,-1.8137904,-1.3995024
P55H,-1.8126951,-1.4000852
P55I,-1.8034872,-1.3818998
P55K,-1.7991693,-1.3688679
P55L,-1.8053428,-1.3837204
P55M,-1.8090643,-1.3917392
P55N,-1.8063589,-1.3860488
P55Q,-1.7994219,-1.368933
P55R,-1.7892863,-1.3463819
P55S,-1.8000433,-1.3724506
P55T,-1.7959887,-1.3635902
P55V,-1.8020191,-1.3763708
P55W,-1.8193523,-1.4155141
P55Y,-1.8148007,-1.4067513
S56A,-1.7980084,-1.3626828
S56C,-1.8144116,-1.4094896
S56D,-1.7936143,-1.3554527
S56E,-1.7946854,-1.3598255
S56F,-1.8107957,-1.3968041
S56G,-1.7981099,-1.3650302
S56H,-1.804269,-1.3818551
S56I,-1.8171163,-1.4118044
S56K,-1.793509,-1.3590262
S56L,-1.8038567,-1.3804655
S56M,-1.8080003,-1.389587
S56N,-1.7917527,-1.3533721
S56P,-1.8245149,-1.4223908
S56Q,-1.7952325,-1.3588493
S56R,-1.799973,-1.3719956
S56T,-1.7969284,-1.3639253
S56V,-1.8129771,-1.3994865
S56W,-1.8168877,-1.4094073
S56Y,-1.8069369,-1.39006
A57C,-1.8141814,-1.4078724
A57D,-1.7882915,-1.3487272
A57E,-1.7951012,-1.364643
A57F,-1.8077526,-1.3920147
A57G,-1.8026195,-1.3781191
A57H,-1.8057145,-1.3871733
A57I,-1.8280034,-1.437613
A57K,-1.8006109,-1.376684
A57L,-1.8066106,-1.3888575
A57M,-1.8087595,-1.393665
A57N,-1.7929679,-1.3594487
A57P,-1.8306901,-1.4387507
A57Q,-1.7979245,-1.3675789
A57R,-1.8067415,-1.3879092
A57S,-1.7922783,-1.3576862
A57T,-1.8141589,-1.4040612
A57V,-1.821364,-1.4198374
A57W,-1.8170992,-1.411418
A57Y,-1.8086671,-1.3949616
V58A,-1.8100262,-1.3913046
V58C,-1.8160436,-1.4077718
V58D,-1.8207498,-1.415673
V58E,-1.808585,-1.3898693
V58F,-1.8364909,-1.4508344
V58G,-1.8279204,-1.4308007
V58H,-1.8262395,-1.4283892
V58I,-1.7954941,-1.3630182
V58K,-1.7951728,-1.3620008
V58L,-1.8206954,-1.4156897
V58M,-1.8174741,-1.4084598
V58N,-1.8183335,-1.4110155
V58P,-1.8421803,-1.4614475
V58Q,-1.8033977,-1.3770868
V58R,-1.8011069,-1.37332
V58S,-1.8168163,-1.4081119
V58T,-1.8035673,-1.3790582
V58W,-1.8403498,-1.4584959
V58Y,-1.8337301,-1.4456121
T59A,-1.7942314,-1.3564435
T59C,-1.8131384,-1.4016726
T59D,-1.7990311,-1.368654
T59E,-1.8088273,-1.3907696
T59F,-1.8261447,-1.4281374
T59G,-1.8029151,-1.3763567
T59H,-1.8154951,-1.4050393
T59I,-1.8411056,-1.4619566
T59K,-1.8182112,-1.4108536
T59L,-1.8345206,-1.4452462
T59M,-1.8291359,-1.4332826
T59N,-1.8075651,-1.3872116
T59P,-1.8330129,-1.4412677
T59Q,-1.8108134,-1.3925766
T59R,-1.8198526,-1.412602
T59S,-1.7809005,-1.3301564
T59V,-1.8244392,-1.4233689
T59W,-1.8262016,-1.4280938
T59Y,-1.8230406,-1.4226074
Y60A,-1.8115667,-1.3924369
Y60C,-1.804501,-1.3813998
Y60D,-1.8025565,-1.3745154
Y60E,-1.8016192,-1.3727422
Y60F,-1.8044938,-1.379868
Y60G,-1.8264852,-1.4256223
Y60H,-1.7996936,-1.369382
Y60I,-1.8150991,-1.4043037
Y60K,-1.8149076,-1.4020725
Y60L,-1.797014,-1.3628882
Y60M,-1.8074877,-1.3846478
Y60N,-1.7961532,-1.3612025
Y60P,-1.837282,-1.4487197
Y60Q,-1.8089267,-1.3867699
Y60R,-1.81267,-1.3958577
Y60S,-1.806491,-1.3837438
Y60T,-1.8009546,-1.3716695
Y60V,-1.8096008,-1.390242
Y60W,-1.8236051,-1.4206066
A61C,-1.8158221,-1.4092889
A61D,-1.8062406,-1.3879327
A61E,-1.8264651,-1.4310813
A61F,-1.8369441,-1.4529558
A61G,-1.8061994,-1.3852034
A61H,-1.8184819,-1.4141766
A61I,-1.8466756,-1.4760885
A61K,-1.8344865,-1.446103
A61L,-1.8410585,-1.4607604
A61M,-1.8387105,-1.4554608
A61N,-1.8171825,-1.4108821
A61P,-1.8283138,-1.4328315
A61Q,-1.832574,-1.4416821
A61R,-1.8341718,-1.444317
A61S,-1.7877222,-1.3467723
A61T,-1.8198438,-1.4159013
A61V,-1.8399857,-1.4589305
A61W,-1.8386527,-1.4571413
A61Y,-1.831331,-1.4420503
G62A,-1.7864653,-1.3402315
G62C,-1.8087095,-1.396161
G62D,-1.7797343,-1.3298349
G62E,-1.7840877,-1.3396534
G62F,-1.8094404,-1.3936471
G62H,-1.7989917,-1.3718599
G62I,-1.8082371,-1.3923419
G62K,-1.7896423,-1.3505814
G62L,-1.800936,-1.3743147
G62M,-1.8067862,-1.386641
G62N,-1.7862898,-1.3435796
G62P,-1.7886107,-1.3466114
G62Q,-1.7909753,-1.351493
G62R,-1.794602,-1.3602017
G62S,-1.7840949,-1.3385123
G62T,-1.7922387,-1.3553534
G62V,-1.8022414,-1.3767422
G62W,-1.811665,-1.3986286
G62Y,-1.8046584,-1.3850374
S63A,-1.8025163,-1.3736955
S63C,-1.8109088,-1.3975518
S63D,-1.8089632,-1.3924296
S63E,-1.8056442,-1.3871658
S63F,-1.8267462,-1.4296337
S63G,-1.8093504,-1.3902413
S63H,-1.8191291,-1.4125731
S63I,-1.8152602,-1.4058952
S63K,-1.8085111,-1.385334
S63L,-1.8170466,-1.4076221
S63M,-1.8213392,-1.4170799
S63N,-1.8113545,-1.3949767
S63P,-1.8361982,-1.4475144
S63Q,-1.8112388,-1.3936434
S63R,-1.8112302,-1.3893174
S63T,-1.7998723,-1.3705465
S63V,-1.8117079,-1.395877
S63W,-1.8352928,-1.448292
S63Y,-1.8246206,-1.4263321
V64A,-1.8070785,-1.3858693
V64C,-1.8007321,-1.375071
V64D,-1.8088169,-1.3902155
V64E,-1.8102341,-1.3936545
V64F,-1.8187205,-1.4118117
V64G,-1.8149261,-1.405903
V64H,-1.8122643,-1.3975538
V64I,-1.8034567,-1.3798499
V64K,-1.8319876,-1.4393374
V64L,-1.8301528,-1.4353966
V64M,-1.8169408,-1.4071394
V64N,-1.815158,-1.4037756
V64P,-1.8347795,-1.4461153
V64Q,-1.8172904,-1.4068251
V64R,-1.8334174,-1.4407756
V64S,-1.8014063,-1.3752587
V64T,-1.8006155,-1.37271
V64W,-1.8219028,-1.4183543
V64Y,-1.8168223,-1.4084611
K65A,-1.7940309,-1.3538091
K65C,-1.8064346,-1.3887676
K65D,-1.7968508,-1.3621137
K65E,-1.7946429,-1.3584818
K65F,-1.810139,-1.3928593
K65G,-1.808055,-1.3856579
K65H,-1.8036711,-1.3793538
K65I,-1.8144938,-1.403662
K65L,-1.8024766,-1.3756518
K65M,-1.8052648,-1.381526
K65N,-1.7951322,-1.3595085
K65P,-1.8314786,-1.4360946
K65Q,-1.7915617,-1.3498731
K65R,-1.7947356,-1.3590698
K65S,-1.7915378,-1.3517646
K65T,-1.8019845,-1.3735008
K65V,-1.8113467,-1.3937926
K65W,-1.8179932,-1.4106873
K65Y,-1.8076899,-1.3888987
G66A,-1.8232541,-1.4191514
G66C,-1.8292872,-1.4405738
G66D,-1.8042641,-1.38183
G66E,-1.8094913,-1.3942438
G66F,-1.8277925,-1.4337215
G66H,-1.8167523,-1.4102314
G66I,-1.8435576,-1.4697386
G66K,-1.8125978,-1.4012693
G66L,-1.8256476,-1.4283866
G66M,-1.8314329,-1.440921
G66N,-1.8045316,-1.3829255
G66P,-1.8412721,-1.459939
G66Q,-1.8146338,-1.4020646
G66R,-1.8160871,-1.4077115
G66S,-1.8079314,-1.3897254
G66T,-1.8182588,-1.4117674
G66V,-1.8358644,-1.4501208
G66W,-1.829004,-1.4364836
G66Y,-1.8202223,-1.4189934
R67A,-1.8159904,-1.4046661
R67C,-1.8151885,-1.4067096
R67D,-1.8134888,-1.4009587
R67E,-1.8193079,-1.4144778
R67F,-1.8257544,-1.4290348
R67G,-1.8261362,-1.4275118
R67H,-1.8134191,-1.4014392
R67I,-1.8261182,-1.431703
R67K,-1.8055282,-1.3846959
R67L,-1.8197136,-1.4149377
R67M,-1.8218188,-1.4192972
R67N,-1.8062769,-1.3857287
R67P,-1.8490955,-1.4767586
R67Q,-1.8112695,-1.394718
R67S,-1.8112426,-1.3964534
R67T,-1.8137965,-1.4020954
R67V,-1.8239725,-1.4243441
R67W,-1.8312157,-1.440022
R67Y,-1.8210691,-1.4194479
F68A,-1.7859739,-1.3388865
F68C,-1.8055267,-1.3831203
F68D,-1.8104725,-1.3925864
F68E,-1.8170446,-1.4073845
F68G,-1.7947941,-1.358485
F68H,-1.8036914,-1.3788757
F68I,-1.8243217,-1.4246763
F68K,-1.827162,-1.429191
F68L,-1.8116765,-1.3952669
F68M,-1.8082197,-1.3874509
F68N,-1.8134848,-1.3993745
F68P,-1.8272144,-1.4282802
F68Q,-1.8164417,-1.4041764
F68R,-1.8280106,-1.429687
F68S,-1.8032099,-1.3777874
F68T,-1.8153043,-1.403697
F68V,-1.8113621,-1.3947386
F68W,-1.8038718,-1.3786441
F68Y,-1.7931077,-1.3565214
T69A,-1.7909491,-1.3487132
T69C,-1.8080461,-1.3933501
T69D,-1.7982093,-1.3665192
T69E,-1.7900575,-1.3499781
T69F,-1.8035711,-1.3818202
T69G,-1.8017707,-1.3739221
T69H,-1.8009508,-1.3750736
T69I,-1.8032292,-1.3817189
T69K,-1.7877725,-1.3471313
T69L,-1.8005952,-1.37369
T69M,-1.8017211,-1.37656
T69N,-1.7966363,-1.3654109
T69P,-1.8326925,-1.4405875
T69Q,-1.7895402,-1.3469684
T69R,-1.793532,-1.3579825
T69S,-1.7920221,-1.3545823
T69V,-1.7969946,-1.3648957
T69W,-1.8097956,-1.3940177
T69Y,-1.8056763,-1.3877151
I70A,-1.7903478,-1.3467747
I70C,-1.8069749,-1.3849895
I70D,-1.8092918,-1.3891879
I70E,-1.8019538,-1.3737615
I70F,-1.8177493,-1.4080924
I70G,-1.8030711,-1.3749319
I70H,-1.7989256,-1.3677685
I70K,-1.8018502,-1.3739251
I70L,-1.795257,-1.3588352
I70M,-1.7942815,-1.3568386
I70N,-1.8052008,-1.3808148
I70P,-1.7965385,-1.361125
I70Q,-1.7883638,-1.3429708
I70R,-1.8133719,-1.3974252
I70S,-1.7936262,-1.3557527
I70T,-1.7987008,-1.3667681
I70V,-1.8007189,-1.3707266
I70W,-1.8309318,-1.4356331
I70Y,-1.8206115,-1.4149035
S71A,-1.7974306,-1.3625731
S71C,-1.8138319,-1.4045026
S71D,-1.804236,-1.3791038
S71E,-1.7992406,-1.3688425
S71F,-1.8126166,-1.4007354
S71G,-1.8025767,-1.3751882
S71H,-1.816403,-1.4075499
S71I,-1.8130727,-1.403287
S71K,-1.8006196,-1.3740463
S71L,-1.8071166,-1.387387
S71M,-1.8056622,-1.3844962
S71N,-1.8045659,-1.382147
S71P,-1.8332591,-1.4416714
S71Q,-1.7996496,-1.3680559
S71R,-1.8026534,-1.3768415
S71T,-1.7963058,-1.3626516
S71V,-1.812018,-1.396793
S71W,-1.8196788,-1.4145428
S71Y,-1.8148346,-1.4066707
R72A,-1.7968985,-1.3636334
R72C,-1.800839,-1.3745582
R72D,-1.8104795,-1.3948758
R72E,-1.8120435,-1.3985718
R72F,-1.8257422,-1.4276654
R72G,-1.8147517,-1.4031326
R72H,-1.8193316,-1.4138769
R72I,-1.8003447,-1.3741677
R72K,-1.7927976,-1.3566097
R72L,-1.7859892,-1.341696
R72M,-1.8059074,-1.3842877
R72N,-1.8054738,-1.3839252
R72P,-1.8222651,-1.4190558
R72Q,-1.8083344,-1.3885466
R72S,-1.8004422,-1.3731722
R72T,-1.7917724,-1.3542958
R72V,-1.7902601,-1.3508296
R72W,-1.8309296,-1.439054
R72Y,-1.8225806,-1.4217654
D73A,-1.8201044,-1.412715
D73C,-1.8186136,-1.415723
D73E,-1.8087667,-1.3909944
D73F,-1.8263376,-1.4313736
D73G,-1.8253138,-1.4259291
D73H,-1.8173784,-1.4110123
D73I,-1.826661,-1.434223
D73K,-1.8208733,-1.4189533
D73L,-1.8240967,-1.4247307
D73M,-1.8257217,-1.4284803
D73N,-1.8002845,-1.373658
D73P,-1.8397925,-1.4573872
D73Q,-1.8140581,-1.4004059
D73R,-1.8253496,-1.4267963
D73S,-1.81117,-1.3966157
D73T,-1.8245373,-1.4249543
D73V,-1.8249372,-1.4262294
D73W,-1.8331176,-1.4452064
D73Y,-1.8259214,-1.4315351
D74A,-1.8112721,-1.3927455
D74C,-1.8167983,-1.4106443
D74E,-1.8007159,-1.3728974
D74F,-1.8161134,-1.4075638
D74G,-1.8223436,-1.4184916
D74H,-1.8162215,-1.4072913
D74I,-1.8038583,-1.3828437
D74K,-1.8163221,-1.4082403
D74L,-1.8082479,-1.3892622
D74M,-1.8195659,-1.4136341
D74N,-1.805309,-1.3838286
D74P,-1.8178368,-1.4090308
D74Q,-1.8132354,-1.3982505
D74R,-1.8203125,-1.41514
D74S,-1.8106368,-1.3951683
D74T,-1.8055854,-1.3836341
D74V,-1.8002878,-1.3717804
D74W,-1.8296258,-1.4359573
D74Y,-1.8135008,-1.4027255
A75C,-1.8113365,-1.4086967
A75D,-1.7933424,-1.3618685
A75E,-1.7935992,-1.3638166
A75F,-1.8097224,-1.4008471
A75G,-1.7964745,-1.3669881
A75H,-1.8070976,-1.393745
A75I,-1.80913,-1.4021902
A75K,-1.794596,-1.3663408
A75L,-1.8016069,-1.3819466
A75M,-1.8065333,-1.3932037
A75N,-1.795451,-1.3680907
A75P,-1.816225,-1.4101251
A75Q,-1.7959188,-1.3655473
A75R,-1.7997178,-1.3765517
A75S,-1.7883241,-1.3513126
A75T,-1.796905,-1.3693913
A75V,-1.8031137,-1.3838284
A75W,-1.8173531,-1.4172425
A75Y,-1.8084418,-1.40013
K76A,-1.7946181,-1.3540959
K76C,-1.8106515,-1.395761
K76D,-1.8039434,-1.3784671
K76E,-1.7991388,-1.3696629
K76F,-1.8119469,-1.3987317
K76G,-1.8068049,-1.3823825
K76H,-1.7993652,-1.3690488
K76I,-1.8092512,-1.3951203
K76L,-1.8023006,-1.3760005
K76M,-1.8055006,-1.3833323
K76N,-1.7892863,-1.3471797
K76P,-1.8408917,-1.4555322
K76Q,-1.7948537,-1.3555843
K76R,-1.7928004,-1.353402
K76S,-1.7910161,-1.3501644
K76T,-1.788896,-1.3458061
K76V,-1.8039451,-1.3790593
K76W,-1.8202447,-1.4154338
K76Y,-1.810736,-1.3978792
N77A,-1.7960985,-1.3597968
N77C,-1.8042638,-1.3838868
N77D,-1.80719,-1.3854095
N77E,-1.817287,-1.4087461
N77F,-1.8183875,-1.4134388
N77G,-1.7997199,-1.3684484
N77H,-1.7968345,-1.3637813
N77I,-1.8361926,-1.455436
N77K,-1.8082199,-1.3896382
N77L,-1.8351309,-1.4479319
N77M,-1.8216139,-1.4204347
N77P,-1.8290545,-1.4309889
N77Q,-1.8083967,-1.385332
N77R,-1.8109373,-1.3937262
N77S,-1.7931226,-1.3558149
N77T,-1.8121543,-1.39678
N77V,-1.8255019,-1.4270712
N77W,-1.8293662,-1.4353896
N77Y,-1.8169035,-1.4107333
T78A,-1.8041155,-1.377722
T78C,-1.8066175,-1.3876252
T78D,-1.8183384,-1.4099811
T78E,-1.7936298,-1.3574854
T78F,-1.8286073,-1.4360913
T78G,-1.828698,-1.4316362
T78H,-1.8180258,-1.4104595
T78I,-1.7946578,-1.3640114
T78K,-1.799405,-1.3711845
T78L,-1.814372,-1.4028575
T78M,-1.8052493,-1.3836193
T78N,-1.8096008,-1.3923403
T78P,-1.8324937,-1.4400322
T78Q,-1.79825,-1.3641777
T78R,-1.8004805,-1.371168
T78S,-1.8118193,-1.3970494
T78V,-1.7897792,-1.3492275
T78W,-1.8278228,-1.4320726
T78Y,-1.8265063,-1.4321157
V79A,-1.7931235,-1.3549033
V79C,-1.8069731,-1.3874594
V79D,-1.8141212,-1.4005624
V79E,-1.8232093,-1.4206976
V79F,-1.8283212,-1.4334509
V79G,-1.8045573,-1.3798094
V79H,-1.8252801,-1.4258778
V79I,-1.8090657,-1.393236
V79K,-1.8372762,-1.4515163
V79L,-1.8221889,-1.4186125
V79M,-1.8241615,-1.4229566
V79N,-1.8141875,-1.4018573
V79P,-1.8333021,-1.4414086
V79Q,-1.8224343,-1.4173498
V79R,-1.8389819,-1.4534081
V79S,-1.7957369,-1.3620207
V79T,-1.7955816,-1.3617039
V79W,-1.8378953,-1.4531655
V79Y,-1.8290876,-1.4355913
Y80A,-1.8169302,-1.402269
Y80C,-1.8210665,-1.4156417
Y80D,-1.8176045,-1.4048672
Y80E,-1.8103747,-1.3906895
Y80F,-1.793175,-1.355763
Y80G,-1.8137232,-1.3959945
Y80H,-1.8037025,-1.3765111
Y80I,-1.8191348,-1.4146674
Y80K,-1.8085963,-1.3875005
Y80L,-1.8081756,-1.3869364
Y80M,-1.8137567,-1.398721
Y80N,-1.805943,-1.3807993
Y80P,-1.8411897,-1.4550996
Y80Q,-1.8095886,-1.3865576
Y80R,-1.8106256,-1.3899215
Y80S,-1.8048892,-1.378451
Y80T,-1.809218,-1.3882575
Y80V,-1.8233787,-1.4193405
Y80W,-1.8111025,-1.3932486
L81A,-1.8099823,-1.3909947
L81C,-1.8171564,-1.408038
L81D,-1.8328817,-1.4410366
L81E,-1.835776,-1.4474034
L81F,-1.8243839,-1.4240533
L81G,-1.81938,-1.4108797
L81H,-1.8381705,-1.4529659
L81I,-1.8202822,-1.416893
L81K,-1.8445277,-1.4665537
L81M,-1.8192427,-1.4117812
L81N,-1.8307681,-1.4368416
L81P,-1.8459901,-1.4686663
L81Q,-1.8309741,-1.4353365
L81R,-1.8481148,-1.4731247
L81S,-1.8216966,-1.4174607
L81T,-1.8263183,-1.427461
L81V,-1.8163085,-1.4061257
L81W,-1.843371,-1.4638704
L81Y,-1.831824,-1.4401182
Q82A,-1.794007,-1.3571885
Q82C,-1.8080118,-1.3923852
Q82D,-1.7696368,-1.3070675
Q82E,-1.7860731,-1.3435218
Q82F,-1.8049471,-1.3859056
Q82G,-1.7956537,-1.3617799
Q82H,-1.7939407,-1.3604743
Q82I,-1.8093008,-1.3969461
Q82K,-1.7937427,-1.3609041
Q82L,-1.7989019,-1.371628
Q82M,-1.8042166,-1.3833331
Q82N,-1.7828307,-1.3362775
Q82P,-1.8164626,-1.4066433
Q82R,-1.7975519,-1.3673446
Q82S,-1.7865863,-1.3438643
Q82T,-1.7928064,-1.3570644
Q82V,-1.8044878,-1.3829378
Q82W,-1.8116144,-1.3990438
Q82Y,-1.7997905,-1.3755822
M83A,-1.7846127,-1.3368936
M83C,-1.7852685,-1.3398598
M83D,-1.8221787,-1.4192642
M83E,-1.8139367,-1.4021655
M83F,-1.8175216,-1.4093666
M83G,-1.7848045,-1.3378326
M83H,-1.8190455,-1.4123251
M83I,-1.8157014,-1.4071325
M83K,-1.8222375,-1.4196292
M83L,-1.7992532,-1.3692818
M83N,-1.810655,-1.3940387
M83P,-1.8173032,-1.4073794
M83Q,-1.8109717,-1.3933729
M83R,-1.8214616,-1.4167492
M83S,-1.8006513,-1.3730087
M83T,-1.8135376,-1.4008144
M83V,-1.8147471,-1.4030737
M83W,-1.8161733,-1.4064387
M83Y,-1.8245705,-1.4253072
V84A,-1.7888285,-1.3431014
V84C,-1.7986006,-1.3703654
V84D,-1.7851562,-1.3384756
V84E,-1.7860154,-1.3414885
V84F,-1.8102052,-1.39493
V84G,-1.795155,-1.358584
V84H,-1.8000208,-1.3717349
V84I,-1.7956606,-1.3655127
V84K,-1.7848576,-1.339345
V84L,-1.8024182,-1.3765805
V84M,-1.7930464,-1.3567464
V84N,-1.7831933,-1.3351427
V84P,-1.8240621,-1.4209732
V84Q,-1.7878842,-1.3422952
V84R,-1.7877287,-1.3439112
V84S,-1.7849876,-1.3383354
V84T,-1.7833328,-1.3349787
V84W,-1.8158569,-1.4053303
V84Y,-1.810336,-1.3962703
N85A,-1.8047276,-1.3777869
N85C,-1.8152381,-1.4069328
N85D,-1.7909513,-1.3507534
N85E,-1.7981464,-1.3669966
N85F,-1.812476,-1.3997763
N85G,-1.7951952,-1.3585696
N85H,-1.8030374,-1.3782167
N85I,-1.8246588,-1.4286828
N85K,-1.7995987,-1.3711436
N85L,-1.8076019,-1.3880322
N85M,-1.8121035,-1.3984443
N85P,-1.8325617,-1.4392705
N85Q,-1.799352,-1.3671677
N85R,-1.802614,-1.3760989
N85S,-1.7976426,-1.3657529
N85T,-1.8115878,-1.3952974
N85V,-1.8205266,-1.4152963
N85W,-1.8135313,-1.4013151
N85Y,-1.8094459,-1.3943747
L86A,-1.7903743,-1.3488752
L86C,-1.7970827,-1.3663979
L86D,-1.8343291,-1.4447395
L86E,-1.8298554,-1.4353253
L86F,-1.8261168,-1.4278587
L86G,-1.8173661,-1.4070392
L86H,-1.8363855,-1.4490939
L86I,-1.8099319,-1.394976
L86K,-1.8283362,-1.4324492
L86M,-1.8039896,-1.3793567
L86N,-1.8210398,-1.4161367
L86P,-1.8167564,-1.4066868
L86Q,-1.825203,-1.4234014
L86R,-1.8291476,-1.4325665
L86S,-1.815545,-1.404505
L86T,-1.8115052,-1.3961234
L86V,-1.7961807,-1.3632699
L86W,-1.8367877,-1.4506508
L86Y,-1.834017,-1.4452744
K87A,-1.7958099,-1.3583158
K87C,-1.8041496,-1.3815142
K87D,-1.8013387,-1.3733542
K87E,-1.7934794,-1.3569363
K87F,-1.8113645,-1.3964944
K87G,-1.7953525,-1.3581318
K87H,-1.8051747,-1.3824832
K87I,-1.7984551,-1.3707776
K87L,-1.7932352,-1.3563728
K87M,-1.7995758,-1.3697095
K87N,-1.7997704,-1.3702008
K87P,-1.8247676,-1.4221162
K87Q,-1.7907015,-1.3486911
K87R,-1.7894012,-1.3462577
K87S,-1.7907304,-1.3500658
K87T,-1.7816026,-1.3308451
K87V,-1.7949079,-1.3593868
K87W,-1.8135935,-1.4006097
K87Y,-1.8105884,-1.3959181
S88A,-1.7872382,-1.3390824
S88C,-1.8096967,-1.396711
S88D,-1.7923647,-1.3545157
S88E,-1.7834907,-1.3361769
S88F,-1.8008355,-1.3758913
S88G,-1.7937407,-1.3559728
S88H,-1.7977905,-1.3680638
S88I,-1.8011813,-1.3774176
S88K,-1.7889161,-1.3486271
S88L,-1.7973008,-1.3664843
S88M,-1.8012905,-1.3757995
S88N,-1.7946483,-1.3610963
S88P,-1.7875023,-1.3419452
S88Q,-1.7908382,-1.3497039
S88R,-1.7951173,-1.3613849
S88T,-1.7927431,-1.3548882
S88V,-1.795033,-1.3603743
S88W,-1.8073512,-1.3894581
S88Y,-1.7982755,-1.3719618
E89A,-1.7922605,-1.3503393
E89C,-1.8084341,-1.3914472
E89D,-1.7919439,-1.3525679
E89F,-1.8092245,-1.3920575
E89G,-1.7969017,-1.3626131
E89H,-1.8087215,-1.3908206
E89I,-1.8025392,-1.3791566
E89K,-1.7962843,-1.3642118
E89L,-1.8010527,-1.37334
E89M,-1.8071785,-1.3871319
E89N,-1.7983481,-1.367546
E89P,-1.8193471,-1.4106743
E89Q,-1.7967162,-1.3620838
E89R,-1.7997824,-1.3704095
E89S,-1.788613,-1.3458887
E89T,-1.7934791,-1.3559698
E89V,-1.8018087,-1.3741957
E89W,-1.8164605,-1.4074827
E89Y,-1.8072618,-1.3891565
D90A,-1.8234577,-1.419265
D90C,-1.8224635,-1.4206758
D90E,-1.8148261,-1.4029833
D90F,-1.8162869,-1.4073778
D90G,-1.8304261,-1.4357102
D90H,-1.80773,-1.3879488
D90I,-1.843932,-1.4679955
D90K,-1.8430066,-1.4638634
D90L,-1.8323705,-1.4405285
D90M,-1.8200834,-1.4142818
D90N,-1.8070878,-1.386382
D90P,-1.8559519,-1.4898582
D90Q,-1.8195951,-1.4110768
D90R,-1.8428955,-1.461704
D90S,-1.8233452,-1.4211335
D90T,-1.8309568,-1.4374729
D90V,-1.8369433,-1.4502891
D90W,-1.8206853,-1.416185
D90Y,-1.8219514,-1.4202232
T91A,-1.8224602,-1.4167068
T91C,-1.8238771,-1.4254348
T91D,-1.8303773,-1.4357095
T91E,-1.8288051,-1.4329488
T91F,-1.8442103,-1.4681638
T91G,-1.8254384,-1.4244062
T91H,-1.8362923,-1.4495735
T91I,-1.8417884,-1.4648887
T91K,-1.8318702,-1.4405763
T91L,-1.8458875,-1.4705426
T91M,-1.8401618,-1.4587935
T91N,-1.8294417,-1.4346204
T91P,-1.8536996,-1.4854791
T91Q,-1.8288174,-1.430457
T91R,-1.8326361,-1.4407244
T91S,-1.7900319,-1.3495973
T91V,-1.839539,-1.4564682
T91W,-1.8475223,-1.4744596
T91Y,-1.842496,-1.4654776
A92C,-1.8142976,-1.4054723
A92D,-1.8229027,-1.4219887
A92E,-1.835752,-1.4497676
A92F,-1.8431252,-1.4674059
A92G,-1.8121107,-1.3981997
A92H,-1.8327785,-1.4437317
A92I,-1.8547132,-1.4935182
A92K,-1.8284202,-1.4340476
A92L,-1.8353413,-1.4491162
A92M,-1.8271828,-1.431723
A92N,-1.8246648,-1.42631
A92P,-1.8478824,-1.4746774
A92Q,-1.831882,-1.4389992
A92R,-1.8306705,-1.4369487
A92S,-1.8068805,-1.388022
A92T,-1.8342489,-1.446629
A92V,-1.8368208,-1.4519105
A92W,-1.8540535,-1.4898996
A92Y,-1.8426577,-1.4669
R93A,-1.80176,-1.3731946
R93C,-1.7955252,-1.3654013
R93D,-1.8000679,-1.3720716
R93E,-1.796477,-1.3648846
R93F,-1.8008921,-1.3780375
R93G,-1.8182327,-1.4104204
R93H,-1.8043085,-1.3824991
R93I,-1.7854271,-1.3452485
R93K,-1.7895246,-1.3508526
R93L,-1.8038856,-1.3813212
R93M,-1.7945952,-1.3617855
R93N,-1.7975554,-1.3678495
R93P,-1.8236449,-1.4217877
R93Q,-1.7949886,-1.3586439
R93S,-1.7978789,-1.3677448
R93T,-1.7766773,-1.3212523
R93V,-1.7811252,-1.3319272
R93W,-1.8071592,-1.3886356
R93Y,-1.8001418,-1.377037
Y94A,-1.8331428,-1.4397762
Y94C,-1.8331795,-1.4420089
Y94D,-1.8430285,-1.4623996
Y94E,-1.8506703,-1.4793953
Y94F,-1.8007804,-1.3720305
Y94G,-1.8473121,-1.4716585
Y94H,-1.8240016,-1.4219464
Y94I,-1.8318028,-1.4395864
Y94K,-1.8479716,-1.4730844
Y94L,-1.8274274,-1.4278597
Y94M,-1.8318604,-1.4375838
Y94N,-1.8377721,-1.4512445
Y94P,-1.8617357,-1.5021399
Y94Q,-1.8459862,-1.4671283
Y94R,-1.841899,-1.4584261
Y94S,-1.8397124,-1.4559016
Y94T,-1.8385012,-1.4530938
Y94V,-1.8298106,-1.4335089
Y94W,-1.8200269,-1.41252
Y95A,-1.8267558,-1.4239368
Y95C,-1.8191266,-1.411869
Y95D,-1.827628,-1.4273231
Y95E,-1.827947,-1.4286234
Y95F,-1.7937115,-1.356852
Y95G,-1.8405005,-1.4555644
Y95H,-1.8064959,-1.3825881
Y95I,-1.8220563,-1.4203894
Y95K,-1.8278264,-1.4295417
Y95L,-1.8178202,-1.4070439
Y95M,-1.8232204,-1.4187497
Y95N,-1.8244165,-1.4217654
Y95P,-1.8532401,-1.4831026
Y95Q,-1.8254801,-1.4208524
Y95R,-1.8220302,-1.414771
Y95S,-1.817955,-1.4077492
Y95T,-1.8203615,-1.412741
Y95V,-1.8189356,-1.4097352
Y95W,-1.806994,-1.3839822
H96A,-1.7794871,-1.3255788
H96C,-1.7727356,-1.3131055
H96D,-1.8124188,-1.3975362
H96E,-1.8068235,-1.3860216
H96F,-1.7909846,-1.3512579
H96G,-1.7952219,-1.3605795
H96I,-1.7962646,-1.3646075
H96K,-1.8098725,-1.3915408
H96L,-1.7848464,-1.3375314
H96M,-1.7880633,-1.3450319
H96N,-1.7938415,-1.3578607
H96P,-1.8042272,-1.3798565
H96Q,-1.7966202,-1.3619995
H96R,-1.8126891,-1.3980021
H96S,-1.7923865,-1.3554306
H96T,-1.7803472,-1.329257
H96V,-1.7791456,-1.3259059
H96W,-1.8109049,-1.3930523
H96Y,-1.8036368,-1.3792336
G97A,-1.8108338,-1.3934071
G97C,-1.8252127,-1.4266788
G97D,-1.8468939,-1.4729133
G97E,-1.8499281,-1.4797693
G97F,-1.8360534,-1.44948
G97H,-1.8429146,-1.4644263
G97I,-1.8396645,-1.4590875
G97K,-1.8474108,-1.474524
G97L,-1.8342743,-1.4455171
G97M,-1.836107,-1.449235
G97N,-1.843349,-1.4656563
G97P,-1.8440107,-1.4665682
G97Q,-1.8414702,-1.4599565
G97R,-1.8429786,-1.4636068
G97S,-1.823207,-1.4220604
G97T,-1.8313078,-1.4393721
G97V,-1.8361524,-1.4490291
G97W,-1.8536668,-1.4866073
G97Y,-1.8485475,-1.4770315
L98A,-1.7967883,-1.3620436
L98C,-1.8057467,-1.3843428
L98D,-1.8126678,-1.3975008
L98E,-1.8113065,-1.3953757
L98F,-1.8096591,-1.3930974
L98G,-1.8055738,-1.381395
L98H,-1.8095564,-1.3924158
L98I,-1.815088,-1.4054208
L98K,-1.8093145,-1.3916974
L98M,-1.7967074,-1.364169
L98N,-1.8079412,-1.3880877
L98P,-1.8401065,-1.4563086
L98Q,-1.8075532,-1.3859025
L98R,-1.7983153,-1.3665849
L98S,-1.8062071,-1.3843311
L98T,-1.8147082,-1.4028393
L98V,-1.8168871,-1.4070525
L98W,-1.8176098,-1.4102439
L98Y,-1.8130133,-1.4017321
N99A,-1.7802206,-1.326426
N99C,-1.7867767,-1.3451129
N99D,-1.796182,-1.3624821
N99E,-1.7896023,-1.348131
N99F,-1.7943565,-1.3586549
N99G,-1.787117,-1.3456829
N99H,-1.7853843,-1.3390929
N99I,-1.7922865,-1.3555186
N99K,-1.7870225,-1.338662
N99L,-1.7812135,-1.3294683
N99M,-1.7848939,-1.3382301
N99P,-1.819143,-1.4100631
N99Q,-1.7806598,-1.3265797
N99R,-1.7784503,-1.3200998
N99S,-1.7813869,-1.3318139
N99T,-1.787229,-1.3436319
N99V,-1.7933339,-1.3555793
N99W,-1.7973189,-1.3644857
N99Y,-1.7918352,-1.3546015
P100A,-1.7920017,-1.3524671
P100C,-1.7977363,-1.3717886
P100D,-1.7886115,-1.3475947
P100E,-1.7873505,-1.3453116
P100F,-1.7832775,-1.3394868
P100G,-1.797414,-1.3650154
P100H,-1.7845476,-1.3410687
P100I,-1.7884288,-1.3518434
P100K,-1.783983,-1.3380961
P100L,-1.7833748,-1.3387072
P100M,-1.7899988,-1.3536177
P100N,-1.790675,-1.3527182
P100Q,-1.78795,-1.3446983
P100R,-1.7856698,-1.3411397
P100S,-1.7881093,-1.3472122
P100T,-1.7913325,-1.354105
P100V,-1.7902739,-1.3523847
P100W,-1.787859,-1.3498862
P100Y,-1.7797322,-1.3331106
A101C,-1.8032104,-1.3858081
A101D,-1.7987349,-1.3721768
A101E,-1.7965603,-1.3675028
A101F,-1.8039436,-1.3856139
A101G,-1.7971456,-1.3665336
A101H,-1.8010516,-1.3788097
A101I,-1.8004701,-1.3787671
A101K,-1.7926742,-1.3596394
A101L,-1.800538,-1.3765429
A101M,-1.8032515,-1.3828954
A101N,-1.799539,-1.3749536
A101P,-1.806519,-1.3871379
A101Q,-1.7970736,-1.3658459
A101R,-1.7954432,-1.3642323
A101S,-1.7902415,-1.3535093
A101T,-1.7982832,-1.3703377
A101V,-1.7980132,-1.3705212
A101W,-1.8070785,-1.3927459
A101Y,-1.8008529,-1.3812656
S102A,-1.7954992,-1.3574136
S102C,-1.7983966,-1.3721038
S102D,-1.7889881,-1.3505591
S102E,-1.7916349,-1.3561511
S102F,-1.7913799,-1.3538033
S102G,-1.7927867,-1.3550636
S102H,-1.7943113,-1.3600323
S102I,-1.7932534,-1.3579967
S102K,-1.800148,-1.3612491
S102L,-1.7882377,-1.3460858
S102M,-1.7938777,-1.3590266
S102N,-1.7904325,-1.3510209
S102P,-1.7934859,-1.3543036
S102Q,-1.7960811,-1.3606875
S102R,-1.8005913,-1.3617024
S102T,-1.7941183,-1.3585172
S102V,-1.7962403,-1.3622619
S102W,-1.80152,-1.3760884
S102Y,-1.7932047,-1.3598024
D103A,-1.7917783,-1.3490608
D103C,-1.7990049,-1.3706733
D103E,-1.7942744,-1.3587949
D103F,-1.7960368,-1.3611099
D103G,-1.7961184,-1.360175
D103H,-1.7970843,-1.3629582
D103I,-1.8023287,-1.3757975
D103K,-1.8012015,-1.3690156
D103L,-1.798037,-1.3642976
D103M,-1.8018636,-1.3734828
D103N,-1.7895762,-1.3469634
D103P,-1.7976335,-1.3631794
D103Q,-1.797224,-1.3610059
D103R,-1.8023398,-1.3689723
D103S,-1.7903167,-1.348466
D103T,-1.7926421,-1.3537091
D103V,-1.7981257,-1.3645482
D103W,-1.8042616,-1.3789308
D103Y,-1.795739,-1.3614507
P104A,-1.7886404,-1.3485773
P104C,-1.7935919,-1.3644314
P104D,-1.7931542,-1.3623602
P104E,-1.7919494,-1.3609091
P104F,-1.7947097,-1.3570108
P104G,-1.7953271,-1.3645979
P104H,-1.7933636,-1.3568528
P104I,-1.7859925,-1.338696
P104K,-1.7979363,-1.3607826
P104L,-1.7776525,-1.3172908
P104M,-1.7826636,-1.3287811
P104N,-1.793599,-1.3583592
P104Q,-1.7873529,-1.3407863
P104R,-1.7957102,-1.356088
P104S,-1.7911292,-1.3600566
P104T,-1.792436,-1.357621
P104V,-1.790172,-1.3512816
P104W,-1.8071039,-1.3843154
P104Y,-1.7972884,-1.3647568
F105A,-1.8036749,-1.3900578
F105C,-1.7984434,-1.3849306
F105D,-1.7971845,-1.3737451
F105E,-1.800193,-1.3833511
F105G,-1.8114355,-1.4063243
F105H,-1.7950482,-1.366058
F105I,-1.8021605,-1.3848599
F105K,-1.8167195,-1.408412
F105L,-1.7955843,-1.3663114
F105M,-1.8007666,-1.3753505
F105N,-1.795318,-1.3676986
F105P,-1.8098954,-1.4067427
F105Q,-1.8064456,-1.3899837
F105R,-1.8060784,-1.3848321
F105S,-1.8063139,-1.3955193
F105T,-1.8042502,-1.3919423
F105V,-1.8018453,-1.3883597
F105W,-1.8062068,-1.384555
F105Y,-1.7999804,-1.3717389
N106A,-1.7841909,-1.3329588
N106C,-1.7978715,-1.3688657
N106D,-1.7906941,-1.3547366
N106E,-1.7881086,-1.3502595
N106F,-1.7963306,-1.3619802
N106G,-1.7837268,-1.3347635
N106H,-1.7930067,-1.3554032
N106I,-1.7952123,-1.3604585
N106K,-1.7868131,-1.338232
N106L,-1.789374,-1.346373
N106M,-1.7972581,-1.3640175
N106P,-1.7845751,-1.3351331
N106Q,-1.7874306,-1.3427801
N106R,-1.7894685,-1.3415577
N106S,-1.784362,-1.3375916
N106T,-1.7891837,-1.347154
N106V,-1.7916044,-1.3508735
N106W,-1.8013644,-1.372887
N106Y,-1.7918726,-1.3543775
D107A,-1.7981606,-1.3563051
D107C,-1.8041219,-1.3766224
D107E,-1.7851304,-1.3429215
D107F,-1.798293,-1.3608203
D107G,-1.8064122,-1.3781879
D107H,-1.8007493,-1.3644964
D107I,-1.7933093,-1.3507386
D107K,-1.8008211,-1.3559678
D107L,-1.794377,-1.3502548
D107M,-1.7978255,-1.3591317
D107N,-1.8006357,-1.3607686
D107P,-1.8071501,-1.377979
D107Q,-1.7916595,-1.3431087
D107R,-1.8013791,-1.3532248
D107S,-1.7960644,-1.3545074
D107T,-1.7922202,-1.3457441
D107V,-1.792605,-1.3466204
D107W,-1.7975222,-1.3610977
D107Y,-1.7985454,-1.3624159
G108A,-1.834674,-1.4438479
G108C,-1.8540984,-1.4898822
G108D,-1.8500742,-1.4795109
G108E,-1.8489244,-1.4773806
G108F,-1.8561358,-1.4923984
G108H,-1.857154,-1.4951507
G108I,-1.8550649,-1.4903781
G108K,-1.8525443,-1.4823816
G108L,-1.852804,-1.4841995
G108M,-1.8571873,-1.4940233
G108N,-1.8519454,-1.4832631
G108P,-1.8409411,-1.4589059
G108Q,-1.8506584,-1.4787202
G108R,-1.8517119,-1.4798284
G108S,-1.8452481,-1.468921
G108T,-1.8678308,-1.5169047
G108V,-1.8585898,-1.4963392
G108W,-1.8608153,-1.5028996
G108Y,-1.8497366,-1.4799075
G109A,-1.8352939,-1.4452173
G109C,-1.8427408,-1.4666239
G109D,-1.83058,-1.4389184
G109E,-1.8297185,-1.438861
G109F,-1.8453645,-1.4706717
G109H,-1.8441495,-1.4675231
G109I,-1.8509979,-1.4828022
G109K,-1.8380841,-1.4523956
G109L,-1.8412849,-1.4599715
G109M,-1.8463554,-1.4711981
G109N,-1.8313605,-1.4384711
G109P,-1.8526919,-1.4834327
G109Q,-1.8354391,-1.4460232
G109R,-1.835595,-1.4461093
G109S,-1.8273574,-1.4298284
G109T,-1.8413264,-1.4595792
G109V,-1.8499007,-1.4779196
G109W,-1.8465276,-1.4745173
G109Y,-1.8377544,-1.456552
L110A,-1.8012924,-1.384631
L110C,-1.805779,-1.3970219
L110D,-1.8155891,-1.4142627
L110E,-1.8053313,-1.3935608
L110F,-1.8170724,-1.4132438
L110G,-1.816228,-1.421719
L110H,-1.8128066,-1.4060593
L110I,-1.8065695,-1.3935394
L110K,-1.8112826,-1.3991596
L110M,-1.8034831,-1.383202
L110N,-1.8142823,-1.408748
L110P,-1.8357451,-1.4592415
L110Q,-1.8039919,-1.3847737
L110R,-1.8113446,-1.3973318
L110S,-1.8082072,-1.3991758
L110T,-1.7910987,-1.3641245
L110V,-1.796317,-1.3748251
L110W,-1.8185158,-1.4142587
L110Y,-1.8141657,-1.4084103
K111A,-1.7999575,-1.3714402
K111C,-1.8011856,-1.3782719
K111D,-1.8152629,-1.4067125
K111E,-1.7953333,-1.3654137
K111F,-1.816694,-1.409453
K111G,-1.8078616,-1.3954331
K111H,-1.8054823,-1.3850316
K111I,-1.8018134,-1.3784658
K111L,-1.7989635,-1.3707391
K111M,-1.8009927,-1.3756884
K111N,-1.8074431,-1.3886967
K111P,-1.8224691,-1.4213525
K111Q,-1.7952563,-1.3606012
K111R,-1.7900957,-1.3478394
K111S,-1.7965649,-1.3662412
K111T,-1.7965374,-1.3647828
K111V,-1.8005023,-1.3727521
K111W,-1.8182716,-1.4124676
K111Y,-1.8147199,-1.4065417
L112A,-1.8126479,-1.4069508
L112C,-1.8179659,-1.4214325
L112D,-1.8303294,-1.451219
L112E,-1.8197225,-1.4230059
L112F,-1.8223602,-1.4202305
L112G,-1.8276988,-1.454261
L112H,-1.8324754,-1.4468575
L112I,-1.8194987,-1.4153724
L112K,-1.8248229,-1.4332721
L112M,-1.7977098,-1.3667905
L112N,-1.8273258,-1.4407647
L112P,-1.8428031,-1.4677131
L112Q,-1.8140621,-1.4048499
L112R,-1.8190397,-1.4240098
L112S,-1.8152966,-1.4185277
L112T,-1.8196365,-1.4224259
L112V,-1.8138986,-1.4063112
L112W,-1.8338846,-1.4452082
L112Y,-1.8280356,-1.4344037
P113A,-1.7997861,-1.373208
P113C,-1.8054662,-1.3859835
P113D,-1.7979617,-1.3637539
P113E,-1.7988883,-1.3661296
P113F,-1.8007355,-1.3820239
P113G,-1.8060404,-1.3939091
P113H,-1.7976295,-1.3743091
P113I,-1.802051,-1.3767288
P113K,-1.7978406,-1.3713794
P113L,-1.8024042,-1.3711867
P113M,-1.8042738,-1.3808979
P113N,-1.7978647,-1.3683347
P113Q,-1.7984592,-1.367578
P113R,-1.795244,-1.3707899
P113S,-1.7999344,-1.3758888
P113T,-1.797805,-1.3656172
P113V,-1.7976682,-1.3641526
P113W,-1.8004684,-1.382368
P113Y,-1.7979883,-1.3776876
N114A,-1.7960973,-1.3577728
N114C,-1.7951846,-1.3620073
N114D,-1.7859209,-1.337701
N114E,-1.7926034,-1.3543372
N114F,-1.802422,-1.3802
N114G,-1.7946112,-1.3567735
N114H,-1.7951978,-1.3622481
N114I,-1.8035268,-1.3815887
N114K,-1.7930243,-1.3586941
N114L,-1.8038379,-1.3801565
N114M,-1.8001662,-1.3721538
N114P,-1.8172171,-1.405592
N114Q,-1.7977068,-1.3631959
N114R,-1.7962126,-1.3646575
N114S,-1.7893472,-1.3475119
N114T,-1.7881739,-1.3452485
N114V,-1.7978066,-1.3654722
N114W,-1.8048363,-1.3854237
N114Y,-1.7993207,-1.375543
L115A,-1.8144995,-1.3990157
L115C,-1.8180711,-1.4135315
L115D,-1.8206872,-1.4154514
L115E,-1.8056458,-1.3843163
L115F,-1.8175424,-1.410517
L115G,-1.8262092,-1.4263952
L115H,-1.8170886,-1.4089873
L115I,-1.7867309,-1.3457085
L115K,-1.8079504,-1.3911324
L115M,-1.8021227,-1.3756572
L115N,-1.8180269,-1.4117221
L115P,-1.8166308,-1.4059833
L115Q,-1.8086294,-1.3886039
L115R,-1.8099782,-1.3934216
L115S,-1.8204808,-1.4160246
L115T,-1.8078249,-1.3882765
L115V,-1.7963924,-1.3638105
L115W,-1.8311691,-1.4396098
L115Y,-1.8181452,-1.4129878
E116A,-1.7980644,-1.3638039
E116C,-1.8146428,-1.4132766
E116D,-1.7914289,-1.3514384
E116F,-1.8105431,-1.4039127
E116G,-1.8018175,-1.3760679
E116H,-1.8040439,-1.3894671
E116I,-1.812795,-1.40677
E116K,-1.8034064,-1.3866199
E116L,-1.8050622,-1.3869444
E116M,-1.8081232,-1.3942262
E116N,-1.7935832,-1.3628916
E116P,-1.8233914,-1.4234046
E116Q,-1.7955254,-1.3622127
E116R,-1.8053479,-1.3921083
E116S,-1.7951453,-1.3645315
E116T,-1.8036033,-1.381846
E116V,-1.8114848,-1.3986363
E116W,-1.8145487,-1.4131707
E116Y,-1.8051448,-1.3949175
S117A,-1.7900778,-1.3443393
S117C,-1.8061776,-1.381282
S117D,-1.795229,-1.3479791
S117E,-1.806673,-1.3738191
S117F,-1.8059796,-1.3831937
S117G,-1.7978522,-1.3683002
S117H,-1.7954267,-1.3600171
S117I,-1.8110182,-1.4020897
S117K,-1.7972102,-1.370662
S117L,-1.8094817,-1.3923007
S117M,-1.7946268,-1.3586448
S117N,-1.8004028,-1.3698926
S117P,-1.8287616,-1.4291803
S117Q,-1.7967597,-1.3594685
S117R,-1.8009622,-1.383125
S117T,-1.7981794,-1.3704978
S117V,-1.8052983,-1.3858736
S117W,-1.8082823,-1.3879144
S117Y,-1.8028706,-1.3776231
A118C,-1.8215245,-1.4196272
A118D,-1.8447435,-1.4678125
A118E,-1.8415697,-1.4617655
A118F,-1.8430985,-1.4651651
A118G,-1.8101145,-1.3935031
A118H,-1.8450737,-1.4701058
A118I,-1.8420393,-1.465686
A118K,-1.8453494,-1.4715312
A118L,-1.835874,-1.4493957
A118M,-1.8296282,-1.4357568
A118N,-1.8466,-1.4717237
A118P,-1.8434271,-1.4648951
A118Q,-1.8400159,-1.4565694
A118R,-1.8455102,-1.470327
A118S,-1.8137555,-1.4035318
A118T,-1.8302083,-1.4380603
A118V,-1.8245686,-1.4261912
A118W,-1.8563268,-1.4916762
A118Y,-1.845022,-1.4687794
K119A,-1.8127204,-1.3910762
K119C,-1.8197664,-1.4156048
K119D,-1.832047,-1.4348315
K119E,-1.8089316,-1.3872811
K119F,-1.822968,-1.4233226
K119G,-1.8234831,-1.4177606
K119H,-1.8168403,-1.407364
K119I,-1.8174672,-1.4113756
K119L,-1.8232286,-1.4199702
K119M,-1.8052183,-1.3821158
K119N,-1.8232831,-1.4187208
K119P,-1.8356824,-1.444931
K119Q,-1.7982733,-1.3621508
K119R,-1.7947156,-1.3582296
K119S,-1.8139352,-1.39715
K119T,-1.8157294,-1.4020218
K119V,-1.8176095,-1.4080555
K119W,-1.8268324,-1.4300612
K119Y,-1.8204015,-1.4189363
G120A,-1.7926649,-1.3310137
G120C,-1.7999924,-1.3493071
G120D,-1.8004725,-1.3493018
G120E,-1.7945493,-1.3348814
G120F,-1.8088872,-1.3829249
G120H,-1.8020183,-1.3630008
G120I,-1.8023905,-1.3680936
G120K,-1.7881688,-1.3293964
G120L,-1.7938524,-1.3402196
G120M,-1.7998174,-1.3519688
G120N,-1.7965872,-1.3488178
G120P,-1.8284926,-1.4094015
G120Q,-1.7911468,-1.3282058
G120R,-1.7922662,-1.3421603
G120S,-1.7923224,-1.3391355
G120T,-1.7988033,-1.3518269
G120V,-1.7988161,-1.3532698
G120W,-1.8139076,-1.3938739
G120Y,-1.8089297,-1.3830563
L121A,-1.7764899,-1.3650206
L121C,-1.7760049,-1.3625983
L121D,-1.7928205,-1.3953092
L121E,-1.7958671,-1.3895787
L121F,-1.801406,-1.3886971
L121G,-1.7816701,-1.380508
L121H,-1.7923688,-1.3819305
L121I,-1.789029,-1.3750585
L121K,-1.8083758,-1.412356
L121M,-1.7909292,-1.3749667
L121N,-1.7867006,-1.3813832
L121P,-1.8063058,-1.4304354
L121Q,-1.7904167,-1.3764044
L121R,-1.8065232,-1.4043883
L121S,-1.7782563,-1.3733106
L121T,-1.7851012,-1.3823422
L121V,-1.7864674,-1.3789103
L121W,-1.8056327,-1.4008498
L121Y,-1.8073343,-1.3987069
F122A,-1.787047,-1.3425263
F122C,-1.782929,-1.3355271
F122D,-1.7942456,-1.3575107
F122E,-1.8014274,-1.3734318
F122G,-1.7919137,-1.3566942
F122H,-1.7846584,-1.3377031
F122I,-1.8115613,-1.3971419
F122K,-1.8031254,-1.3780643
F122L,-1.8008279,-1.3719422
F122M,-1.7941195,-1.3578804
F122N,-1.7909113,-1.3512688
F122P,-1.8225569,-1.4191467
F122Q,-1.7985148,-1.366377
F122R,-1.800794,-1.372561
F122S,-1.7878352,-1.3456883
F122T,-1.7901056,-1.3499572
F122V,-1.7866317,-1.3419322
F122W,-1.8049588,-1.380917
F122Y,-1.786532,-1.3419112
D123A,-1.803748,-1.3757851
D123C,-1.8149992,-1.4069079
D123E,-1.796861,-1.3644444
D123F,-1.8139586,-1.4020476
D123G,-1.8090205,-1.389709
D123H,-1.7985469,-1.368484
D123I,-1.8134907,-1.4013478
D123K,-1.8060995,-1.3792961
D123L,-1.8107717,-1.3929392
D123M,-1.8147401,-1.401605
D123N,-1.7970278,-1.3649766
D123P,-1.8284087,-1.4302485
D123Q,-1.7971301,-1.3621837
D123R,-1.8068128,-1.3823332
D123S,-1.801245,-1.3742418
D123T,-1.805433,-1.3819778
D123V,-1.8128937,-1.3973198
D123W,-1.8147295,-1.4048439
D123Y,-1.8086123,-1.3915774
A124C,-1.7964453,-1.3675075
A124D,-1.7986268,-1.3692062
A124E,-1.799906,-1.3726779
A124F,-1.7899619,-1.3538408
A124G,-1.8151565,-1.4046727
A124H,-1.7868549,-1.3453169
A124I,-1.8197267,-1.4189743
A124K,-1.8059411,-1.387102
A124L,-1.8103627,-1.3960901
A124M,-1.8107327,-1.3966538
A124N,-1.7899064,-1.3520998
A124P,-1.8208495,-1.4172186
A124Q,-1.8018867,-1.3749714
A124R,-1.8040106,-1.3808254
A124S,-1.7833841,-1.3376809
A124T,-1.8017608,-1.377002
A124V,-1.8109627,-1.3966814
A124W,-1.8061453,-1.387419
A124Y,-1.7883818,-1.3506254
W125A,-1.8015444,-1.3724567
W125C,-1.7945627,-1.36123
W125D,-1.8052438,-1.3812718
W125E,-1.8031298,-1.3775735
W125F,-1.8022677,-1.3763338
W125G,-1.8072488,-1.3863071
W125H,-1.7978075,-1.3663849
W125I,-1.801954,-1.3774962
W125K,-1.8055354,-1.3839239
W125L,-1.8017182,-1.3742762
W125M,-1.7930205,-1.3553177
W125N,-1.796014,-1.3625808
W125P,-1.8192744,-1.4114581
W125Q,-1.8030275,-1.3759383
W125R,-1.7965559,-1.3637915
W125S,-1.7941594,-1.3586508
W125T,-1.7938143,-1.3577721
W125V,-1.7952995,-1.3603646
W125Y,-1.8071063,-1.3870244
G126A,-1.8182492,-1.4092708
G126C,-1.8071989,-1.3892827
G126D,-1.7996053,-1.3695922
G126E,-1.83998,-1.4575
G126F,-1.843741,-1.466924
G126H,-1.8342158,-1.4457002
G126I,-1.8599409,-1.5032364
G126K,-1.8564317,-1.4942468
G126L,-1.8529829,-1.4861546
G126M,-1.8481579,-1.4758447
G126N,-1.8143213,-1.4029145
G126P,-1.8439325,-1.4650205
G126Q,-1.8476073,-1.4725051
G126R,-1.8551083,-1.4896175
G126S,-1.7948098,-1.3608543
G126T,-1.8158659,-1.4060756
G126V,-1.8546011,-1.488977
G126W,-1.8520341,-1.4842982
G126Y,-1.8461927,-1.4725732
K127A,-1.7884032,-1.3384614
K127C,-1.8053237,-1.3838676
K127D,-1.7892047,-1.3444774
K127E,-1.788343,-1.3442998
K127F,-1.8086047,-1.390718
K127G,-1.7893745,-1.3438989
K127H,-1.799412,-1.368237
K127I,-1.8066621,-1.3878782
K127L,-1.7975633,-1.3650317
K127M,-1.8012918,-1.3733379
K127N,-1.7909718,-1.3496829
K127P,-1.7910609,-1.3475695
K127Q,-1.7919431,-1.3486851
K127R,-1.7947451,-1.3588378
K127S,-1.7867097,-1.3396208
K127T,-1.7944777,-1.3556242
K127V,-1.8029581,-1.374115
K127W,-1.8103365,-1.3947169
K127Y,-1.8055747,-1.3861289
G128A,-1.8318297,-1.4384547
G128C,-1.8466494,-1.4753716
G128D,-1.8392882,-1.4556674
G128E,-1.8400762,-1.458452
G128F,-1.8460295,-1.473516
G128H,-1.8436484,-1.4671434
G128I,-1.8653399,-1.5171425
G128K,-1.8438846,-1.4688821
G128L,-1.8534139,-1.4880934
G128M,-1.8529782,-1.4872662
G128N,-1.843399,-1.4662533
G128P,-1.8501396,-1.4791522
G128Q,-1.8450835,-1.4668479
G128R,-1.8449486,-1.4696795
G128S,-1.8311795,-1.4398558
G128T,-1.8474723,-1.474513
G128V,-1.8589437,-1.4991275
G128W,-1.8552663,-1.4927206
G128Y,-1.8418863,-1.465507
T129A,-1.794878,-1.357942
T129C,-1.8006128,-1.3744575
T129D,-1.8139368,-1.400106
T129E,-1.8064401,-1.383652
T129F,-1.8234062,-1.423668
T129G,-1.8105149,-1.3923603
T129H,-1.8237504,-1.4220061
T129I,-1.8123811,-1.4008714
T129K,-1.8186107,-1.4116316
T129L,-1.8213242,-1.4172153
T129M,-1.8158555,-1.4055061
T129N,-1.8151758,-1.4040449
T129P,-1.8325369,-1.4400018
T129Q,-1.8089888,-1.3868837
T129R,-1.8180779,-1.4091125
T129S,-1.7913183,-1.3525716
T129V,-1.7832663,-1.334822
T129W,-1.8337873,-1.4443502
T129Y,-1.8293749,-1.4365412
Q130A,-1.7913848,-1.3506062
Q130C,-1.8076172,-1.3928198
Q130D,-1.781357,-1.3312598
Q130E,-1.7868513,-1.344171
Q130F,-1.8134863,-1.4056635
Q130G,-1.8015188,-1.3746636
Q130H,-1.8037815,-1.3826419
Q130I,-1.8004136,-1.3796132
Q130K,-1.7938037,-1.3614339
Q130L,-1.7935653,-1.3607775
Q130M,-1.7999384,-1.3747493
Q130N,-1.7886361,-1.349654
Q130P,-1.7964088,-1.3638381
Q130R,-1.7981775,-1.3702358
Q130S,-1.7912216,-1.3545524
Q130T,-1.7972255,-1.3667129
Q130V,-1.7958238,-1.3639566
Q130W,-1.8070359,-1.390484
Q130Y,-1.8108847,-1.4006507
V131A,-1.82771,-1.4290049
V131C,-1.8211662,-1.4176831
V131D,-1.8534219,-1.4870565
V131E,-1.8470228,-1.4729056
V131F,-1.8419156,-1.4629611
V131G,-1.8394523,-1.4554049
V131H,-1.8484846,-1.4768355
V131I,-1.807885,-1.3901577
V131K,-1.8363107,-1.4514633
V131L,-1.7983208,-1.3677328
V131M,-1.8256353,-1.4262897
V131N,-1.8371192,-1.4531685
V131P,-1.8485761,-1.4748365
V131Q,-1.8376108,-1.4510791
V131R,-1.8381577,-1.4541343
V131S,-1.8354149,-1.4485877
V131T,-1.8165542,-1.4075915
V131W,-1.8493758,-1.4785987
V131Y,-1.847156,-1.4746153
T132A,-1.800162,-1.3690416
T132C,-1.8083818,-1.3949722
T132D,-1.7999331,-1.3707134
T132E,-1.7965431,-1.3644638
T132F,-1.8054729,-1.3875715
T132G,-1.8056741,-1.382522
T132H,-1.8027227,-1.3793501
T132I,-1.798595,-1.3738154
T132K,-1.7965113,-1.3664443
T132L,-1.8020006,-1.3780277
T132M,-1.8047965,-1.3841717
T132N,-1.7949454,-1.3618875
T132P,-1.830659,-1.4366354
T132Q,-1.796524,-1.3620648
T132R,-1.7995226,-1.3715538
T132S,-1.7939025,-1.3585893
T132V,-1.79549,-1.3617189
T132W,-1.8144383,-1.4049319
T132Y,-1.8047752,-1.3869992
V133A,-1.8302264,-1.4355634
V133C,-1.8187177,-1.4144062
V133D,-1.8489914,-1.4760509
V133E,-1.8439745,-1.4666665
V133F,-1.8485734,-1.4775134
V133G,-1.8537118,-1.4865019
V133H,-1.855884,-1.4929274
V133I,-1.8197806,-1.4165907
V133K,-1.8447058,-1.4709811
V133L,-1.8423148,-1.4627408
V133M,-1.8418173,-1.4617445
V133N,-1.8376269,-1.4536263
V133P,-1.8486862,-1.4758135
V133Q,-1.8382032,-1.4526308
V133R,-1.8423057,-1.4639088
V133S,-1.8400002,-1.4589691
V133T,-1.824635,-1.4250591
V133W,-1.850238,-1.4801836
V133Y,-1.8474418,-1.4764242
S134A,-1.797067,-1.3604854
S134C,-1.8040862,-1.3855772
S134D,-1.7963033,-1.3598684
S134E,-1.7953905,-1.3591971
S134F,-1.800564,-1.3764621
S134G,-1.7979169,-1.3638428
S134H,-1.7978444,-1.367985
S134I,-1.8011479,-1.3794346
S134K,-1.791057,-1.3548502
S134L,-1.7979007,-1.3679249
S134M,-1.8020804,-1.3771046
S134N,-1.7936387,-1.357453
S134P,-1.8226541,-1.4187132
S134Q,-1.7945406,-1.3560008
S134R,-1.7927634,-1.3578914
S134T,-1.7905998,-1.349822
S134V,-1.798845,-1.3677405
S134W,-1.8041878,-1.3834655
S134Y,-1.7976812,-1.3714347
