,Time,Force (Newtons),Distance (millimeters)
0,1,0.0007010656405200061,9.765625e-05
1,9,0.0007010656405200061,9.765625e-05
2,17,0.0007010656405200061,9.765625e-05
3,26,0.0007010656405200061,9.765625e-05
4,32,0.0007010656405200061,9.765625e-05
5,41,0.0007010656405200061,0.0001953125
6,48,0.0007010656405200061,0.0001953125
7,57,0.0007010656405200061,0.0001953125
8,65,0.0007010656405200061,0.0001953125
9,73,0.0007010656405200061,0.00029296875
10,80,0.0005873085005200061,0.00029296875
11,89,0.0006657617005200061,0.000390625
12,95,0.0006657617005200061,0.000390625
13,104,0.0006657617005200061,0.000390625
14,111,0.0006657617005200061,0.00048828125
15,120,0.0006657617005200061,0.00048828125
16,128,0.0006657617005200061,0.0005859375
17,136,0.0006657617005200061,0.0006835937500000001
18,144,0.0006657617005200061,0.0006835937500000001
19,199,0.0006490903955200062,0.001171875
20,215,0.0006490903955200062,0.0013671875000000001
21,222,0.0006490903955200062,0.0013671875000000001
22,231,0.0006490903955200062,0.00146484375
23,239,0.0006490903955200062,0.0015625
24,246,0.0006490903955200062,0.0016601562500000002
25,254,0.0006490903955200062,0.0017578124999999998
26,262,0.0006490903955200062,0.00185546875
27,268,0.0006490903955200062,0.001953125
28,276,0.0004235374455200062,0.00205078125
29,283,0.0004235374455200062,0.0021484375
30,291,0.0004235374455200062,0.0022460937500000003
31,297,0.0004235374455200062,0.00234375
32,304,0.0004235374455200062,0.00244140625
33,311,0.0004235374455200062,0.0025390625
34,319,0.0004235374455200062,0.00263671875
35,325,0.0004235374455200062,0.0027343750000000003
36,332,0.0004235374455200062,0.00283203125
37,340,0.0004235374455200062,0.00302734375
38,347,0.0004235374455200062,0.003125
39,355,0.0004235374455200062,0.0032226562500000003
40,362,0.0004235374455200062,0.0033203125000000003
41,368,0.00036175555052000616,0.00341796875
42,376,0.00024407575052000615,0.00361328125
43,382,0.00024407575052000615,0.0037109375
44,389,0.00024407575052000615,0.0038085937500000003
45,396,0.00024407575052000615,0.00390625
46,405,0.00024407575052000615,0.0041015625
47,411,0.00024407575052000615,0.00419921875
48,420,0.00024407575052000615,0.00439453125
49,426,0.00024407575052000615,0.0044921875000000005
50,433,0.00024407575052000615,0.0046875
51,441,0.00024407575052000615,0.00478515625
52,448,0.00024407575052000615,0.00498046875
53,456,0.00024407575052000615,0.005078125
54,462,0.00024407575052000615,0.0052734375
55,470,0.00016562255052000614,0.00537109375
56,476,0.00016562255052000614,0.005566406249999999
57,483,0.00016562255052000614,0.0056640625
58,491,0.00016562255052000614,0.005859375
59,497,0.00016562255052000614,0.0060546875
60,504,0.00016562255052000614,0.00615234375
61,510,0.00016562255052000614,0.00634765625
62,517,0.00016562255052000614,0.0064453125000000005
63,524,0.00016562255052000614,0.006640625000000001
64,532,0.00016562255052000614,0.0068359375
65,539,0.00016562255052000614,0.007031249999999999
66,546,0.00016562255052000614,0.00712890625
67,554,0.00016562255052000614,0.00732421875
68,561,0.00016562255052000614,0.00751953125
69,567,0.00037548486052000615,0.00771484375
70,575,0.00037548486052000615,0.007910156250000001
71,582,0.00037548486052000615,0.008105468749999999
72,591,0.00037548486052000615,0.00830078125
73,598,0.00037548486052000615,0.00849609375
74,607,0.00037548486052000615,0.0087890625
75,613,0.00037548486052000615,0.00888671875
76,669,0.0009246572605200061,0.010546875
77,684,0.0009246572605200061,0.011035156249999999
78,703,0.0009246572605200061,0.011621093749999999
79,711,0.0009246572605200061,0.01181640625
80,718,0.0009246572605200061,0.012109375
81,726,0.0009246572605200061,0.0123046875
82,734,0.0009246572605200061,0.01259765625
83,743,0.0009246572605200061,0.012890625000000001
84,750,0.0009246572605200061,0.0130859375
85,759,0.0013404592205200061,0.013378906250000001
86,766,0.001732725220520006,0.013671875
87,774,0.001732725220520006,0.013964843749999999
88,782,0.001732725220520006,0.0142578125
89,791,0.001732725220520006,0.01455078125
90,798,0.001732725220520006,0.01474609375
91,805,0.001732725220520006,0.0150390625
92,813,0.001732725220520006,0.015332031250000001
93,821,0.001732725220520006,0.015625
94,829,0.001732725220520006,0.015917968749999997
95,837,0.001732725220520006,0.016210937499999998
96,845,0.001732725220520006,0.01650390625
97,851,0.001732725220520006,0.01669921875
98,859,0.002814398715520006,0.0169921875
99,867,0.002814398715520006,0.01728515625
100,875,0.002814398715520006,0.01767578125
101,883,0.002814398715520006,0.017968750000000002
102,890,0.002814398715520006,0.018261718750000003
103,898,0.002814398715520006,0.0185546875
104,906,0.002814398715520006,0.01884765625
105,912,0.002814398715520006,0.019140625
106,921,0.002814398715520006,0.01953125
107,929,0.002814398715520006,0.019824218749999997
108,936,0.002814398715520006,0.0201171875
109,943,0.002814398715520006,0.02041015625
110,951,0.0034057397105200058,0.020703125000000003
111,959,0.004052978610520006,0.02109375
112,967,0.004052978610520006,0.02138671875
113,974,0.004052978610520006,0.021679687500000003
114,982,0.004052978610520006,0.022070312499999998
115,989,0.004052978610520006,0.02236328125
116,997,0.004052978610520006,0.02275390625
117,1006,0.004052978610520006,0.023046874999999998
118,1013,0.004052978610520006,0.0234375
119,1022,0.004052978610520006,0.023828125
120,1029,0.004052978610520006,0.024121093750000003
121,1037,0.004052978610520006,0.024511718749999998
122,1045,0.004857123910520006,0.02490234375
123,1053,0.004857123910520006,0.02529296875
124,1060,0.005674998520520006,0.025585937500000003
125,1066,0.005674998520520006,0.02587890625
126,1075,0.005674998520520006,0.02626953125
127,1083,0.005674998520520006,0.02666015625
128,1091,0.005674998520520006,0.02705078125
129,1098,0.005674998520520006,0.02734375
130,1106,0.005674998520520006,0.02783203125
131,1113,0.005674998520520006,0.028124999999999997
132,1122,0.005674998520520006,0.02861328125
133,1130,0.005674998520520006,0.029003906250000003
134,1137,0.005674998520520006,0.029394531249999998
135,1145,0.006677238150520006,0.0296875
136,1153,0.007664767805520006,0.03017578125
137,1161,0.007664767805520006,0.030566406249999997
138,1171,0.007664767805520006,0.0310546875
139,1178,0.007664767805520006,0.0314453125
140,1187,0.007664767805520006,0.03193359375
141,1194,0.007664767805520006,0.0322265625
142,1202,0.007664767805520006,0.03271484375
143,1210,0.007664767805520006,0.03310546875
144,1217,0.007664767805520006,0.033496093750000004
145,1225,0.007664767805520006,0.03388671875
146,1232,0.007664767805520006,0.034277343749999994
147,1241,0.008722905340520006,0.034765625
148,1249,0.009828114795520005,0.03525390625
149,1258,0.009828114795520005,0.0357421875
150,1266,0.009828114795520005,0.03623046875
151,1274,0.009828114795520005,0.03662109375
152,1282,0.009828114795520005,0.037109375
153,1289,0.009828114795520005,0.0375
154,1297,0.009828114795520005,0.037890625
155,1305,0.009828114795520005,0.038378906250000004
156,1313,0.009828114795520005,0.0388671875
157,1321,0.009828114795520005,0.039355468750000004
158,1329,0.009828114795520005,0.03974609375
159,1337,0.010981376835520007,0.040234375
160,1344,0.010981376835520007,0.040625
161,1351,0.012176807470520004,0.04111328125
162,1359,0.012176807470520004,0.041601562499999994
163,1367,0.012176807470520004,0.0419921875
164,1375,0.012176807470520004,0.04248046875
165,1381,0.012176807470520004,0.04287109375
166,1390,0.012176807470520004,0.04345703125
167,1398,0.012176807470520004,0.0439453125
168,1406,0.012176807470520004,0.04443359375
169,1414,0.012176807470520004,0.044921875
170,1422,0.012176807470520004,0.04541015625
171,1431,0.013436961995520007,0.0458984375
172,1438,0.013436961995520007,0.046484374999999994
173,1446,0.014784395705520004,0.046875
174,1454,0.014784395705520004,0.04736328125
175,1511,0.014784395705520004,0.051171875000000006
176,1521,0.014784395705520004,0.051855468749999994
177,1529,0.016017091610520003,0.05234375
178,1538,0.016017091610520003,0.0529296875
179,1545,0.017547909675520005,0.053417968749999996
180,1553,0.017547909675520005,0.054003906250000004
181,1561,0.017547909675520005,0.0544921875
182,1569,0.017547909675520005,0.055078125
183,1577,0.017547909675520005,0.055566406250000006
184,1584,0.017547909675520005,0.05615234375
185,1592,0.017547909675520005,0.056640625
186,1599,0.017547909675520005,0.05712890625
187,1607,0.017547909675520005,0.05771484375
188,1615,0.017547909675520005,0.058300781249999996
189,1623,0.019016945845520005,0.058886718750000004
190,1631,0.019016945845520005,0.05947265625
191,1639,0.019016945845520005,0.06005859375
192,1647,0.020732128930520007,0.060546875
193,1658,0.020732128930520007,0.061328125000000004
194,1665,0.020732128930520007,0.0619140625
195,1674,0.020732128930520007,0.0625
196,1682,0.020732128930520007,0.06318359375
197,1691,0.020732128930520007,0.06376953125
198,1698,0.020732128930520007,0.06435546875
199,1707,0.020732128930520007,0.06494140625
200,1714,0.020732128930520007,0.06552734375
201,1723,0.02238062679552,0.06611328124999999
202,1730,0.02238062679552,0.06669921875
203,1758,0.024171321085520003,0.06884765625
204,1765,0.024171321085520003,0.06943359375000001
205,1773,0.024171321085520003,0.07001953125
206,1781,0.024171321085520003,0.07060546875000001
207,1790,0.024171321085520003,0.07138671875
208,1798,0.024171321085520003,0.07197265625
209,1807,0.024171321085520003,0.07265625
210,1814,0.024171321085520003,0.0732421875
211,1822,0.02609636648052001,0.073828125
212,1830,0.02609636648052001,0.07451171875
213,1837,0.02808613576552,0.07509765625
214,1846,0.02808613576552,0.07578125
215,1854,0.02808613576552,0.0763671875
216,1861,0.02808613576552,0.07705078124999999
217,1869,0.02808613576552,0.077734375
218,1878,0.02808613576552,0.07832031249999999
219,1885,0.02808613576552,0.07900390625
220,1894,0.02808613576552,0.0796875
221,1901,0.02808613576552,0.08037109375000001
222,1912,0.02808613576552,0.08125
223,1921,0.030360297900520004,0.08203125
224,1929,0.030360297900520004,0.08271484375
225,1938,0.03259523343552,0.08339843749999999
226,1945,0.03259523343552,0.08408203125
227,1954,0.03259523343552,0.084765625
228,1962,0.03259523343552,0.08544921875
229,1969,0.03259523343552,0.0861328125
230,1978,0.03259523343552,0.08681640625
231,1985,0.03259523343552,0.08750000000000001
232,1994,0.03259523343552,0.08818359375
233,2001,0.03259523343552,0.0888671875
234,2010,0.03507141256052,0.0896484375
235,2017,0.03507141256052,0.090234375
236,2025,0.03507141256052,0.091015625
237,2033,0.03755739833552,0.09169921875
238,2042,0.03755739833552,0.09248046875
239,2049,0.03755739833552,0.09306640625
240,2057,0.03755739833552,0.09384765625
241,2065,0.03755739833552,0.09453125
242,2074,0.03755739833552,0.09541015624999999
243,2082,0.03755739833552,0.09609375
244,2091,0.03755739833552,0.096875
245,2098,0.03755739833552,0.09755859375
246,2107,0.04039348151552,0.09833984375
247,2114,0.04039348151552,0.0990234375
248,2123,0.04039348151552,0.09990234375000001
249,2131,0.04346002097052001,0.1005859375
250,2140,0.04346002097052001,0.10146484375
251,2148,0.04346002097052001,0.10214843750000001
252,2157,0.04346002097052001,0.10302734375
253,2164,0.04346002097052001,0.10371093749999999
254,2173,0.04346002097052001,0.10458984375000001
255,2180,0.04346002097052001,0.1052734375
256,2190,0.04346002097052001,0.10615234374999999
257,2197,0.04346002097052001,0.10683593749999999
258,2207,0.046830566575520004,0.10781249999999999
259,2214,0.046830566575520004,0.10849609375
260,2224,0.046830566575520004,0.10947265625000001
261,2232,0.05042176180552001,0.11025390624999999
262,2241,0.05042176180552001,0.11113281250000001
263,2249,0.05042176180552001,0.11191406250000001
264,2259,0.05042176180552001,0.11289062500000001
265,2266,0.05042176180552001,0.11357421875000001
266,2275,0.05042176180552001,0.114453125
267,2283,0.05042176180552001,0.115234375
268,2293,0.05042176180552001,0.1162109375
269,2300,0.054220858015520006,0.11699218750000001
270,2309,0.054220858015520006,0.11787109375
271,2317,0.054220858015520006,0.11865234375
272,2326,0.058257275155520004,0.11962890625
273,2334,0.058257275155520004,0.12041015625
274,2343,0.058257275155520004,0.1212890625
275,2352,0.058257275155520004,0.1220703125
276,2360,0.058257275155520004,0.12294921875
277,2369,0.058257275155520004,0.123828125
278,2377,0.058257275155520004,0.124609375
279,2384,0.058257275155520004,0.125390625
280,2392,0.058257275155520004,0.126171875
281,2399,0.06261338908552,0.12685546875
282,2408,0.06261338908552,0.12783203125
283,2416,0.06261338908552,0.12861328125
284,2425,0.06732450374552,0.1294921875
285,2434,0.06732450374552,0.1302734375
286,2442,0.06732450374552,0.13115234375
287,2450,0.06732450374552,0.13193359375
288,2459,0.06732450374552,0.13291015625
289,2467,0.06732450374552,0.13369140625
290,2476,0.06732450374552,0.13457031249999998
291,2483,0.06732450374552,0.13525390625
292,2492,0.07256910016552,0.13623046875
293,2500,0.07256910016552,0.13701171874999998
294,2509,0.07256910016552,0.137890625
295,2518,0.07256910016552,0.138671875
296,2526,0.07826774448052,0.13955078124999998
297,2535,0.07826774448052,0.1404296875
298,2543,0.07826774448052,0.14121093750000002
299,2552,0.07826774448052,0.1421875
300,2560,0.07826774448052,0.14296875
301,2567,0.07826774448052,0.14365234375000002
302,2575,0.07826774448052,0.14443359374999998
303,2583,0.07826774448052,0.1453125
304,2592,0.08440768804552001,0.14619140625000002
305,2601,0.08440768804552001,0.14697265625
306,2610,0.08440768804552001,0.14794921875
307,2618,0.08440768804552001,0.14873046875
308,2626,0.09129293701052,0.149609375
309,2634,0.09129293701052,0.150390625
310,2643,0.09129293701052,0.15126953125
311,2651,0.09129293701052,0.15205078125
312,2660,0.09129293701052,0.1529296875
313,2676,0.09129293701052,0.15458984375
314,2685,0.09916571563052,0.15546875
315,2696,0.09916571563052,0.15654296875
316,2705,0.09916571563052,0.15751953124999998
317,2714,0.09916571563052,0.15830078125000002
318,2722,0.10816331700552,0.1591796875
319,2730,0.10816331700552,0.15996093749999998
320,2739,0.10816331700552,0.16083984375
321,2748,0.10816331700552,0.16171875
322,2756,0.10816331700552,0.16259765625
323,2765,0.10816331700552,0.16347656249999998
324,2773,0.10816331700552,0.1642578125
325,2782,0.11877215097552,0.16513671875
326,2791,0.11877215097552,0.166015625
327,2799,0.11877215097552,0.16679687499999998
328,2808,0.11877215097552,0.1677734375
329,2817,0.13106772874552,0.16855468750000002
330,2826,0.13106772874552,0.16953125
331,2834,0.13106772874552,0.1703125
332,2843,0.13106772874552,0.17119140625
333,2851,0.13106772874552,0.17197265625
334,2905,0.14580123970551997,0.17744140625000002
335,2924,0.16373956388552,0.17939453125000002
336,2933,0.16373956388552,0.18027343750000002
337,2942,0.16373956388552,0.18125
338,2951,0.16373956388552,0.18203125
339,2960,0.16373956388552,0.18291015625
340,2967,0.16373956388552,0.18369140625
341,2976,0.18888381448552,0.1845703125
342,2985,0.18888381448552,0.18544921874999998
343,2994,0.18888381448552,0.18632812499999998
344,3002,0.18888381448552,0.187109375
345,3011,0.18888381448552,0.18808593750000002
346,3020,0.22122516552052,0.18896484375
347,3029,0.22122516552052,0.18984375
348,3038,0.22122516552052,0.19072265625
349,3047,0.22122516552052,0.19160156250000002
350,3055,0.22122516552052,0.19248046875000002
351,3064,0.22122516552052,0.193359375
352,3073,0.26841378465552,0.19423828125
353,3082,0.26841378465552,0.1951171875
354,3091,0.26841378465552,0.19599609375
355,3099,0.26841378465552,0.196875
356,3107,0.26841378465552,0.19765624999999998
357,3116,0.3302653068705201,0.19853515624999998
358,3124,0.3302653068705201,0.19941406250000002
359,3133,0.3302653068705201,0.20029296875000002
360,3141,0.3302653068705201,0.20107421875
361,3149,0.3302653068705201,0.20185546875000002
362,3159,0.3302653068705201,0.20283203125
363,3168,0.42021778466052,0.2037109375
364,3177,0.42021778466052,0.20458984375
365,3185,0.42021778466052,0.20546874999999998
366,3194,0.42021778466052,0.20634765624999998
367,3204,0.42021778466052,0.20732421875
368,3212,0.53654524762552,0.208203125
369,3221,0.53654524762552,0.20908203125
370,3230,0.53654524762552,0.2099609375
371,3240,0.53654524762552,0.2109375
372,3249,0.53654524762552,0.21181640625
373,3259,0.53654524762552,0.21279296874999998
374,3268,0.6900242234505201,0.21367187499999998
375,3277,0.6900242234505201,0.2146484375
376,3285,0.6900242234505201,0.2154296875
377,3294,0.6900242234505201,0.21640625
378,3302,0.6900242234505201,0.21708984375
379,3310,0.87269857699052,0.21796875
380,3320,0.87269857699052,0.21884765625
381,3328,0.87269857699052,0.2197265625
382,3336,0.87269857699052,0.22050781249999998
383,3344,0.87269857699052,0.22138671875000002
384,3352,0.87269857699052,0.22216796875
385,3361,1.0859275099355197,0.22294921874999998
386,3369,1.0859275099355197,0.22382812500000002
387,3377,1.0859275099355197,0.22470703125000002
388,3386,1.0859275099355197,0.2255859375
389,3395,1.0859275099355197,0.22646484375
390,3405,1.3293432729105197,0.22734375
391,3413,1.3293432729105197,0.22822265625000002
392,3422,1.3293432729105197,0.22910156250000002
393,3430,1.3293432729105197,0.22998046875
394,3438,1.3293432729105197,0.23076171874999998
395,3447,1.3293432729105197,0.231640625
396,3456,1.6016641367605196,0.23251953125
397,3464,1.6016641367605196,0.23330078125
398,3473,1.6016641367605196,0.2341796875
399,3481,1.6016641367605196,0.23505859375
400,3490,1.6016641367605196,0.2359375
401,3498,1.6016641367605196,0.23671874999999998
402,3507,1.9037560286805197,0.2376953125
403,3516,1.9037560286805197,0.23857421875
404,3524,1.9037560286805197,0.23935546875000002
405,3533,1.9037560286805197,0.240234375
406,3541,1.9037560286805197,0.24111328125
407,3550,2.2178443955455194,0.2419921875
408,3560,2.2178443955455194,0.24287109375000002
409,3568,2.2178443955455194,0.24375000000000002
410,3576,2.2178443955455194,0.24453124999999998
411,3584,2.2178443955455194,0.24541015624999998
412,3593,2.2178443955455194,0.2462890625
413,3602,2.54868644327052,0.24716796875
414,3612,2.54868644327052,0.248046875
415,3622,2.54868644327052,0.24912109375000002
416,3630,2.54868644327052,0.24990234375
417,3639,2.54868644327052,0.25078125
418,3647,2.8791244570155206,0.25166015625
419,3656,2.8791244570155206,0.2525390625
420,3665,2.8791244570155206,0.25341796875
421,3675,2.8791244570155206,0.25449218749999997
422,3684,2.8791244570155206,0.25537109375
423,3692,2.8791244570155206,0.25615234375
424,3701,3.2300495432755203,0.25703125
425,3710,3.2300495432755203,0.25800781250000004
426,3719,3.2300495432755203,0.25888671875
427,3728,3.2300495432755203,0.259765625
428,3736,3.2300495432755203,0.260546875
429,3745,3.58590149049552,0.26142578125
430,3756,3.58590149049552,0.2625
431,3764,3.58590149049552,0.26337890625
432,3773,3.58590149049552,0.26425781249999997
433,3782,3.58590149049552,0.26513671875
434,3791,3.58590149049552,0.266015625
435,3799,3.95925928863052,0.26689453124999996
436,3808,3.95925928863052,0.26777343750000004
437,3818,3.95925928863052,0.26865234375
438,3826,3.95925928863052,0.26953125
439,3834,3.95925928863052,0.2703125
440,3842,4.32319878010552,0.27119140625
441,3851,4.32319878010552,0.2720703125
442,3860,4.32319878010552,0.27294921875
443,3869,4.32319878010552,0.273828125
444,3879,4.32319878010552,0.2748046875
445,3888,4.32319878010552,0.27568359375
446,3896,4.69863951070052,0.2765625
447,3905,4.69863951070052,0.27744140625
448,3913,4.69863951070052,0.27822265625
449,3922,4.69863951070052,0.27919921875
450,3931,4.69863951070052,0.27998046875000004
451,3940,5.071521686310519,0.280859375
452,3948,5.071521686310519,0.28173828125
453,3957,5.071521686310519,0.28261718750000003
454,3965,5.071521686310519,0.2833984375
455,3974,5.071521686310519,0.28427734375
456,3982,5.071521686310519,0.28515625
457,3991,5.46930098494052,0.28603515625
458,3999,5.46930098494052,0.28681640625
459,4007,5.46930098494052,0.2876953125
460,4016,5.46930098494052,0.2884765625
461,4025,5.46930098494052,0.289453125
462,4034,5.8672989718655195,0.29033203125
463,4043,5.8672989718655195,0.2912109375
464,4051,5.8672989718655195,0.29208984375
465,4060,5.8672989718655195,0.29296875
466,4069,5.8672989718655195,0.29384765625
467,4079,5.8672989718655195,0.29482421875000003
468,4089,6.28032172725552,0.29580078125
469,4097,6.28032172725552,0.2966796875
470,4107,6.28032172725552,0.29765625
471,4115,6.28032172725552,0.29843749999999997
472,4124,6.6825522643205195,0.29931640625
473,4181,6.6825522643205195,0.305078125
474,4191,7.101586496160519,0.3060546875
475,4202,7.101586496160519,0.30712890625
476,4211,7.101586496160519,0.30810546875
477,4221,7.101586496160519,0.30908203125
478,4230,7.51680594115052,0.3099609375
479,4240,7.51680594115052,0.3109375
480,4249,7.51680594115052,0.31181640625
481,4259,7.51680594115052,0.312890625
482,4269,7.51680594115052,0.3138671875
483,4279,7.51680594115052,0.31484375000000003
484,4288,7.94621266669552,0.31572265624999996
485,4297,7.94621266669552,0.31660156250000004
486,4306,7.94621266669552,0.31748046874999997
487,4314,7.94621266669552,0.318359375
488,4324,8.35721132952552,0.3193359375
489,4332,8.35721132952552,0.32021484375
490,4342,8.35721132952552,0.32119140625
491,4350,8.35721132952552,0.32197265625
492,4360,8.35721132952552,0.32294921875
493,4368,8.35721132952552,0.32373046875
494,4378,8.35721132952552,0.32470703125
495,4387,8.76538567715552,0.32568359375
496,4395,8.76538567715552,0.32646484375
497,4405,8.76538567715552,0.32744140625
498,4413,8.76538567715552,0.32822265625
499,4422,9.15403008131052,0.3291015625
500,4430,9.15403008131052,0.32998046875
501,4439,9.15403008131052,0.330859375
502,4447,9.15403008131052,0.331640625
503,4457,9.15403008131052,0.3326171875
504,4466,9.15403008131052,0.33359374999999997
505,4476,9.15403008131052,0.33457031249999997
506,4486,9.55168679681552,0.335546875
507,4495,9.55168679681552,0.33642578125
508,4505,9.55168679681552,0.3375
509,4514,9.93554849776552,0.33837890625
510,4524,9.93554849776552,0.33935546875
511,4532,9.93554849776552,0.34013671874999996
512,4541,9.93554849776552,0.34101562500000004
513,4549,9.93554849776552,0.34189453124999997
514,4558,9.93554849776552,0.34267578125000003
515,4567,9.93554849776552,0.3435546875
516,4576,9.93554849776552,0.34453125
517,4585,10.318295182610521,0.34541015625
518,4594,10.318295182610521,0.3462890625
519,4603,10.318295182610521,0.347265625
520,4612,10.677968781335519,0.348046875
521,4621,10.677968781335519,0.34902343750000003
522,4629,10.677968781335519,0.34990234374999996
523,4639,10.677968781335519,0.35087890625
524,4647,10.677968781335519,0.35166015624999997
525,4657,10.677968781335519,0.35263671875
526,4667,10.677968781335519,0.35361328125
527,4677,11.028010288430519,0.3546875
528,4687,11.028010288430519,0.35566406250000004
529,4697,11.028010288430519,0.35664062500000004
530,4707,11.353845060665519,0.35771484375
531,4717,11.353845060665519,0.35859375
532,4726,11.353845060665519,0.3595703125
533,4735,11.353845060665519,0.36044921874999997
534,4744,11.353845060665519,0.361328125
535,4753,11.353845060665519,0.36220703125000003
536,4762,11.353845060665519,0.3630859375
537,4771,11.353845060665519,0.3640625
538,4779,11.65750111326052,0.36484375
539,4789,11.65750111326052,0.36591796875
540,4799,11.65750111326052,0.36689453125
541,4808,11.929629766770518,0.36777343749999997
542,4818,11.929629766770518,0.36865234375
543,4827,11.929629766770518,0.36962890625
544,4836,11.929629766770518,0.3705078125
545,4845,11.929629766770518,0.371484375
546,4856,11.929629766770518,0.3724609375
547,4865,11.929629766770518,0.37343750000000003
548,4874,12.167648930250522,0.37431640624999996
549,4883,12.167648930250522,0.37519531250000004
550,4892,12.167648930250522,0.37617187500000004
551,4901,12.373246328165518,0.37705078125
552,4910,12.373246328165518,0.3779296875
553,4919,12.373246328165518,0.37890625
554,4929,12.373246328165518,0.3798828125
555,4940,12.373246328165518,0.380859375
556,4948,12.373246328165518,0.38173828125000003
557,4957,12.373246328165518,0.3826171875
558,4966,12.373246328165518,0.38349609375000004
559,4975,12.55376027671052,0.38447265625
560,4985,12.55376027671052,0.38544921875
561,4994,12.55376027671052,0.386328125
562,5003,12.71416176677052,0.38720703125
563,5012,12.71416176677052,0.38808593750000003
564,5021,12.71416176677052,0.38906250000000003
565,5029,12.71416176677052,0.38984375000000004
566,5039,12.71416176677052,0.39091796875
567,5049,12.71416176677052,0.391796875
568,5058,12.71416176677052,0.3927734375
569,5066,12.71416176677052,0.3935546875
570,5076,12.86992863404052,0.39462890624999997
571,5086,12.86992863404052,0.3955078125
572,5095,13.01818556874052,0.39638671875000003
573,5104,13.01818556874052,0.39736328125
574,5113,13.01818556874052,0.3982421875
575,5123,13.01818556874052,0.39921875
576,5132,13.01818556874052,0.40009765625
577,5141,13.01818556874052,0.40107421875
578,5149,13.01818556874052,0.40185546875
579,5159,13.01818556874052,0.40283203125
580,5169,13.17972266887052,0.40380859375
581,5178,13.17972266887052,0.4046875
582,5187,13.17972266887052,0.4056640625
583,5196,13.33814811895552,0.40654296875
584,5205,13.33814811895552,0.40751953124999996
585,5215,13.33814811895552,0.4083984375
586,5224,13.33814811895552,0.40937500000000004
587,5234,13.33814811895552,0.41035156250000004
588,5243,13.68865838392052,0.41123046875
589,5309,13.68865838392052,0.4177734375
590,5319,13.68865838392052,0.41884765625
591,5330,13.68865838392052,0.419921875
592,5340,13.68865838392052,0.42099609375
593,5351,13.68865838392052,0.42197265625
594,5360,13.68865838392052,0.42294921875
595,5369,13.87775413188052,0.423828125
596,5379,13.87775413188052,0.4248046875
597,5389,14.060970793165518,0.42587890625
598,5398,14.060970793165518,0.4267578125
599,5408,14.060970793165518,0.427734375
600,5418,14.060970793165518,0.4287109375
601,5428,14.060970793165518,0.4296875
602,5437,14.060970793165518,0.4306640625
603,5447,14.060970793165518,0.431640625
604,5456,14.060970793165518,0.43251953125
605,5466,14.25582696733552,0.43349609375
606,5476,14.25582696733552,0.43447265625000003
607,5486,14.446983092460519,0.43544921875000003
608,5495,14.446983092460519,0.43642578125
609,5504,14.446983092460519,0.4373046875
610,5513,14.446983092460519,0.43818359375
611,5523,14.446983092460519,0.43916015625
612,5532,14.446983092460519,0.44013671875
613,5541,14.446983092460519,0.44111328125000004
614,5551,14.446983092460519,0.44199218749999997
615,5560,14.66653535332552,0.44296875
616,5569,14.66653535332552,0.44384765625
617,5578,14.887266373520518,0.4447265625
618,5588,14.887266373520518,0.44580078125
619,5598,14.887266373520518,0.44677734375
620,5609,14.887266373520518,0.44775390625
621,5618,14.887266373520518,0.44873046875
622,5627,14.887266373520518,0.44970703125
623,5637,14.887266373520518,0.45068359375
624,5647,14.887266373520518,0.45166015625
625,5656,15.14659244545552,0.45263671875
626,5666,15.14659244545552,0.453515625
627,5676,15.40775236094052,0.4544921875
628,5685,15.40775236094052,0.45546875
629,5695,15.40775236094052,0.45644531250000003
630,5704,15.40775236094052,0.45732421874999996
631,5714,15.40775236094052,0.45830078125
632,5724,15.40775236094052,0.459375
633,5734,15.40775236094052,0.4603515625
634,5744,15.40775236094052,0.46132812500000003
635,5753,15.716771670420519,0.46220703124999996
636,5762,15.716771670420519,0.46318359375
637,5832,16.027079573710516,0.4701171875
638,5880,16.69891257124552,0.4748046875
639,5892,16.69891257124552,0.47617187499999997
640,5902,16.69891257124552,0.4771484375
641,5912,16.69891257124552,0.47822265625
642,5924,16.69891257124552,0.47929687499999996
643,5934,16.69891257124552,0.4802734375
644,5945,16.69891257124552,0.4814453125
645,5956,17.04866576283052,0.48251953124999997
646,5965,17.39053833047552,0.4833984375
647,5975,17.39053833047552,0.484375
648,5984,17.39053833047552,0.4853515625
649,5994,17.39053833047552,0.486328125
650,6004,17.39053833047552,0.4873046875
651,6013,17.39053833047552,0.48818359375000003
652,6022,17.39053833047552,0.48916015625000003
653,6032,17.39053833047552,0.49013671875
654,6041,17.39053833047552,0.49111328125
655,6052,17.745390980060517,0.49208984375
656,6061,18.088288342630516,0.49306640625000003
657,6070,18.088288342630516,0.49394531249999996
658,6079,18.088288342630516,0.49482421875000004
659,6089,18.088288342630516,0.49580078125000004
660,6098,18.088288342630516,0.4966796875
661,6108,18.088288342630516,0.49775390625
662,6117,18.088288342630516,0.4986328125
663,6126,18.088288342630516,0.49960937499999997
664,6136,18.088288342630516,0.5005859375
665,6146,18.42847710847052,0.5015625
666,6155,18.75733919356052,0.50244140625
667,6165,18.75733919356052,0.503515625
668,6176,18.75733919356052,0.5044921874999999
669,6185,18.75733919356052,0.50546875
670,6195,18.75733919356052,0.5064453125
671,6204,18.75733919356052,0.507421875
672,6214,18.75733919356052,0.50830078125
673,6223,18.75733919356052,0.50927734375
674,6233,18.75733919356052,0.51025390625
675,6242,19.10051898765052,0.5111328125000001
676,6252,19.43495811459552,0.512109375
677,6263,19.43495811459552,0.51318359375
678,6273,19.43495811459552,0.51416015625
679,6282,19.43495811459552,0.51513671875
680,6292,19.43495811459552,0.5162109375
681,6303,19.43495811459552,0.5171875
682,6312,19.43495811459552,0.5181640625
683,6324,19.43495811459552,0.5193359375
684,6333,19.43495811459552,0.52021484375
685,6343,19.76765263850552,0.5211914062499999
686,6353,20.08744749500552,0.522265625
687,6363,20.08744749500552,0.52314453125
688,6373,20.08744749500552,0.52421875
689,6382,20.08744749500552,0.52509765625
690,6392,20.08744749500552,0.5260742187499999
691,6401,20.08744749500552,0.52705078125
692,6411,20.08744749500552,0.52802734375
693,6422,20.08744749500552,0.5291015625
694,6431,20.08744749500552,0.530078125
695,6484,20.70033173872552,0.53525390625
696,6501,20.70033173872552,0.53701171875
697,6512,20.70033173872552,0.53818359375
698,6524,20.70033173872552,0.5392578125
699,6533,20.70033173872552,0.540234375
700,6544,21.30466360298052,0.54130859375
701,6554,21.30466360298052,0.54228515625
702,6564,21.30466360298052,0.5432617187500001
703,6574,21.30466360298052,0.5443359375
704,6585,21.30466360298052,0.54541015625
705,6595,21.30466360298052,0.54638671875
706,6605,21.30466360298052,0.5474609375
707,6615,21.30466360298052,0.5484374999999999
708,6625,21.30466360298052,0.54951171875
709,6636,21.871914562255515,0.5504882812499999
710,6645,21.871914562255515,0.55146484375
711,6656,21.871914562255515,0.5525390625
712,6667,21.871914562255515,0.55361328125
713,6681,21.871914562255515,0.55498046875
714,6720,21.871914562255515,0.55888671875
715,6734,22.445566321985517,0.5602539062499999
716,6745,22.445566321985517,0.56142578125
717,6757,22.445566321985517,0.56259765625
718,6767,22.445566321985517,0.56357421875
719,6777,22.445566321985517,0.5646484375
720,6788,22.445566321985517,0.56572265625
721,6798,22.445566321985517,0.56669921875
722,6814,22.445566321985517,0.56826171875
723,6827,22.445566321985517,0.56962890625
724,6837,23.01219259765552,0.57060546875
725,6847,23.01219259765552,0.5716796875
726,6857,23.01219259765552,0.57265625
727,6869,23.01219259765552,0.573828125
728,6879,23.01219259765552,0.5748046875
729,6889,23.01219259765552,0.57587890625
730,6899,23.01219259765552,0.5767578125
731,6909,23.01219259765552,0.57783203125
732,6923,23.01219259765552,0.57919921875
733,6933,23.54999614831052,0.5801757812499999
734,6944,23.54999614831052,0.58134765625
735,6957,23.54999614831052,0.5826171874999999
736,6967,23.54999614831052,0.58359375
737,6977,23.54999614831052,0.5846679687499999
738,6989,23.54999614831052,0.58583984375
739,6999,23.54999614831052,0.5868164062500001
740,7009,23.54999614831052,0.587890625
741,7020,23.825670886460518,0.58896484375
742,7030,24.109433168865518,0.5899414062499999
743,7041,24.109433168865518,0.591015625
744,7050,24.109433168865518,0.5919921874999999
745,7061,24.109433168865518,0.59306640625
746,7071,24.109433168865518,0.59404296875
747,7080,24.109433168865518,0.59501953125
748,7090,24.109433168865518,0.59599609375
749,7101,24.109433168865518,0.5969726562500001
750,7111,24.109433168865518,0.598046875
751,7122,24.37805496433552,0.59912109375
752,7132,24.655125188780517,0.60009765625
753,7142,24.655125188780517,0.601171875
754,7153,24.655125188780517,0.60224609375
755,7162,24.655125188780517,0.60322265625
756,7173,24.655125188780517,0.6041992187499999
757,7183,24.655125188780517,0.60517578125
758,7193,24.655125188780517,0.60625
759,7203,24.655125188780517,0.6072265625
760,7213,24.924316750615517,0.60830078125
761,7224,25.201680193895516,0.609375
762,7234,25.201680193895516,0.61025390625
763,7244,25.201680193895516,0.611328125
764,7254,25.201680193895516,0.6123046875
765,7263,25.201680193895516,0.61328125
766,7275,25.201680193895516,0.6143554687499999
767,7285,25.201680193895516,0.6154296875
768,7295,25.201680193895516,0.6164062499999999
769,7305,25.201680193895516,0.61748046875
770,7315,25.46053260463552,0.61845703125
771,7325,25.724792402185518,0.61943359375
772,7336,25.724792402185518,0.6205078125
773,7345,25.724792402185518,0.621484375
774,7356,25.724792402185518,0.62255859375
775,7365,25.724792402185518,0.6234375000000001
776,7376,25.724792402185518,0.62451171875
777,7386,25.724792402185518,0.6255859375
778,7396,25.724792402185518,0.6265624999999999
779,7409,25.924756860340523,0.6278320312500001
780,7421,26.131397685815514,0.6290039062499999
781,7431,26.131397685815514,0.62998046875
782,7488,26.131397685815514,0.6357421875
783,7511,26.322307664025516,0.63798828125
784,7522,26.52286346317552,0.63916015625
785,7532,26.52286346317552,0.64013671875
786,7543,26.52286346317552,0.64130859375
787,7555,26.52286346317552,0.6424804687500001
788,7565,26.52286346317552,0.64345703125
789,7575,26.52286346317552,0.64443359375
790,7586,26.52286346317552,0.6455078125
791,7597,26.52286346317552,0.6465820312499999
792,7608,26.712455427625518,0.6476562499999999
793,7618,26.910128071675523,0.6487304687500001
794,7628,26.910128071675523,0.64970703125
795,7638,26.910128071675523,0.65078125
796,7648,26.910128071675523,0.6517578125
797,7659,26.910128071675523,0.65283203125
798,7671,26.910128071675523,0.65400390625
799,7682,26.910128071675523,0.655078125
800,7693,26.910128071675523,0.65625
801,7704,27.11190479875052,0.65732421875
802,7714,27.325445583165514,0.6583007812499999
803,7724,27.325445583165514,0.6593749999999999
804,7735,27.325445583165514,0.66044921875
805,7745,27.325445583165514,0.6614257812500001
806,7755,27.325445583165514,0.66240234375
807,7765,27.325445583165514,0.6633789062500001
808,7775,27.325445583165514,0.6644531250000001
809,7785,27.325445583165514,0.6654296875
810,7795,27.574207931720515,0.66640625
811,7806,27.574207931720515,0.667578125
812,7815,27.83108136049052,0.66845703125
813,7827,27.83108136049052,0.6696289062499999
814,7838,27.83108136049052,0.6707031250000001
815,7848,27.83108136049052,0.6716796875
816,7859,27.83108136049052,0.67275390625
817,7869,27.83108136049052,0.673828125
818,7879,27.83108136049052,0.6748046875
819,7890,28.07150903721052,0.6759765625
820,7900,28.07150903721052,0.67685546875
821,7910,28.316559568740516,0.6779296875
822,7922,28.316559568740516,0.6791015625000001
823,7932,28.316559568740516,0.680078125
824,7942,28.316559568740516,0.68115234375
825,7952,28.316559568740516,0.68212890625
826,7962,28.316559568740516,0.68310546875
827,7973,28.316559568740516,0.6841796875
828,7983,28.316559568740516,0.6851562499999999
829,7993,28.552147663685517,0.6862304687499999
830,8004,28.552147663685517,0.6873046875
831,8014,28.79565757050052,0.6882812500000001
832,8026,28.79565757050052,0.689453125
833,8037,28.79565757050052,0.6905273437499999
834,8047,28.79565757050052,0.6916015624999999
835,8057,28.79565757050052,0.6926757812500001
836,8067,28.79565757050052,0.69365234375
837,8077,28.79565757050052,0.69462890625
838,8087,29.02909506710052,0.6956054687500001
839,8097,29.02909506710052,0.69658203125
840,8107,29.26690632960052,0.69765625
841,8117,29.26690632960052,0.6986328125000001
842,8127,29.26690632960052,0.699609375
843,8138,29.26690632960052,0.70068359375
844,8148,29.26690632960052,0.70166015625
845,8159,29.26690632960052,0.70283203125
846,8170,29.26690632960052,0.70390625
847,8180,29.49088433161052,0.7048828125000001
848,8190,29.49088433161052,0.7059570312500001
849,8201,29.722490926655517,0.70703125
850,8211,29.722490926655517,0.7080078125
851,8223,29.722490926655517,0.7091796875
852,8233,29.722490926655517,0.71015625
853,8243,29.722490926655517,0.71123046875
854,8254,29.722490926655517,0.7123046875
855,8264,29.722490926655517,0.7132812500000001
856,8275,29.954466251740516,0.7144531249999999
857,8286,29.954466251740516,0.7155273437499999
858,8297,29.954466251740516,0.7166015625
859,8309,30.191595952065516,0.71787109375
860,8319,30.191595952065516,0.71884765625
861,8330,30.191595952065516,0.719921875
862,8342,30.191595952065516,0.7210937500000001
863,8353,30.191595952065516,0.72216796875
864,8363,30.191595952065516,0.7232421875
865,8374,30.405972263060523,0.72431640625
866,8384,30.405972263060523,0.7252929687499999
867,8394,30.405972263060523,0.7263671875
868,8406,30.622202030905516,0.7275390625
869,8416,30.622202030905516,0.728515625
870,8426,30.622202030905516,0.7295898437499999
871,8438,30.622202030905516,0.7306640624999999
872,8448,30.622202030905516,0.731640625
873,8459,30.622202030905516,0.7328125000000001
874,8470,30.82655104227552,0.73388671875
875,8480,30.82655104227552,0.7349609375
876,8491,30.82655104227552,0.73603515625
877,8501,31.03795593832052,0.73701171875
878,8511,31.03795593832052,0.7379882812499999
879,8522,31.03795593832052,0.7390625000000001
880,8532,31.03795593832052,0.7401367187500001
881,8543,31.03795593832052,0.7412109375
882,8554,31.24044070552552,0.74228515625
883,8616,31.445258474765517,0.74853515625
884,8628,31.445258474765517,0.7497070312499999
885,8639,31.445258474765517,0.75087890625
886,8649,31.445258474765517,0.75185546875
887,8660,31.63592622872052,0.7529296875
888,8676,31.63592622872052,0.7544921875
889,8688,31.63592622872052,0.7556640625
890,8699,31.83368419062552,0.7568359375
891,8711,31.83368419062552,0.7580078125
892,8726,31.83368419062552,0.7594726562499999
893,8738,31.83368419062552,0.76064453125
894,8778,32.03507257436052,0.76181640625
895,8807,32.242777421360515,0.767578125
896,8818,32.242777421360515,0.76875
897,8830,32.242777421360515,0.7699218750000001
898,8841,32.242777421360515,0.7710937499999999
899,8853,32.43324806165052,0.7721679687499999
900,8864,32.43324806165052,0.77333984375
901,8876,32.43324806165052,0.77451171875
902,8888,32.62305184974052,0.7756835937500001
903,8898,32.62305184974052,0.7767578125000001
904,8909,32.62305184974052,0.77783203125
905,8920,32.62305184974052,0.77890625
906,8931,32.62305184974052,0.77998046875
907,8942,32.62305184974052,0.7810546875000001
908,8953,32.80136028270052,0.7822265625
909,8964,32.80136028270052,0.7833007812499999
910,8975,32.80136028270052,0.78447265625
911,8990,32.98755032026551,0.7859375000000001
912,9002,32.98755032026551,0.787109375
913,9014,32.98755032026551,0.78828125
914,9026,32.98755032026551,0.7894531250000001
915,9037,32.98755032026551,0.7906249999999999
916,9047,33.17128379200552,0.7916015625
917,9058,33.17128379200552,0.7927734375000001
918,9069,33.17128379200552,0.7938476562500001
919,9080,33.17128379200552,0.794921875
920,9092,33.357870018230514,0.7960937499999999
921,9103,33.357870018230514,0.797265625
922,9115,33.357870018230514,0.7984375
923,9127,33.357870018230514,0.799609375
924,9138,33.357870018230514,0.80078125
925,9149,33.53157619034551,0.80185546875
926,9160,33.53157619034551,0.8029296875
927,9171,33.53157619034551,0.80400390625
928,9181,33.711769461435516,0.805078125
929,9193,33.711769461435516,0.80615234375
930,9204,33.711769461435516,0.80732421875
931,9214,33.711769461435516,0.8083984375
932,9226,33.711769461435516,0.80947265625
933,9237,33.89835078433551,0.81064453125
934,9248,33.89835078433551,0.81171875
935,9275,33.89835078433551,0.814453125
936,9287,34.095139849220516,0.8156249999999999
937,9298,34.095139849220516,0.81669921875
938,9310,34.095139849220516,0.81796875
939,9322,34.095139849220516,0.819140625
940,9332,34.28359031961051,0.82021484375
941,9344,34.28359031961051,0.8212890625
942,9355,34.28359031961051,0.8224609375
943,9365,34.28359031961051,0.8234374999999999
944,9377,34.46986469436551,0.824609375
945,9388,34.46986469436551,0.82568359375
946,9398,34.46986469436551,0.8267578124999999
947,9409,34.46986469436551,0.8278320312499999
948,9419,34.46986469436551,0.82890625
949,9430,34.64207241036052,0.8298828125000001
950,9441,34.64207241036052,0.8309570312500001
951,9452,34.64207241036052,0.8321289062499999
952,9462,34.64207241036052,0.83310546875
953,9473,34.64207241036052,0.8341796875
954,9483,34.81948157351551,0.83525390625
955,9493,34.81948157351551,0.83623046875
956,9505,34.81948157351551,0.83740234375
957,9515,34.81948157351551,0.8384765625
958,9526,34.99157160971051,0.83955078125
959,9537,34.99157160971051,0.840625
960,9547,34.99157160971051,0.8416015625000001
961,9559,34.99157160971051,0.84287109375
962,9570,34.99157160971051,0.8439453125
963,9581,35.16226223695051,0.84501953125
964,9593,35.16226223695051,0.84619140625
965,9605,35.16226223695051,0.8474609375
966,9616,35.16226223695051,0.8484375
967,9627,35.31266388600552,0.84970703125
968,9693,35.46019414794051,0.85078125
969,9715,35.46019414794051,0.8583984375
970,9728,35.602823046205515,0.8597656250000001
971,9739,35.602823046205515,0.86083984375
972,9755,35.602823046205515,0.86240234375
973,9766,35.602823046205515,0.8634765625
974,9778,35.75204495526552,0.86474609375
975,9790,35.75204495526552,0.86591796875
976,9801,35.75204495526552,0.8669921875
977,9812,35.75204495526552,0.8681640625
978,9824,35.89403838261052,0.8693359374999999
979,9835,35.89403838261052,0.87041015625
980,9846,35.89403838261052,0.87158203125
981,9858,35.89403838261052,0.87265625
982,9869,36.031749245900514,0.8738281250000001
983,9880,36.031749245900514,0.8749023437500001
984,9891,36.031749245900514,0.8760742187499999
985,9902,36.031749245900514,0.8771484374999999
986,9912,36.15847371919551,0.878125
987,9924,36.15847371919551,0.8792968750000001
988,9935,36.15847371919551,0.88037109375
989,9946,36.15847371919551,0.8814453125
990,9957,36.15847371919551,0.8826171875
991,9968,36.293254355465514,0.88369140625
992,9979,36.293254355465514,0.884765625
993,9991,36.293254355465514,0.8860351562500001
994,10002,36.293254355465514,0.8871093750000001
995,10013,36.43432497704551,0.88818359375
996,10024,36.43432497704551,0.8893554687499999
997,10035,36.43432497704551,0.8904296875000001
998,10046,36.43432497704551,0.8915039062500001
999,10057,36.43432497704551,0.8926757812499999
1000,10067,36.585796531615514,0.89365234375
1001,10079,36.585796531615514,0.89482421875
1002,10091,36.585796531615514,0.89599609375
1003,10102,36.585796531615514,0.89716796875
1004,10112,36.73310810525551,0.89814453125
1005,10124,36.73310810525551,0.8993164062500001
1006,10135,36.73310810525551,0.900390625
1007,10145,36.73310810525551,0.9013671875
1008,10157,36.73310810525551,0.9026367187500001
1009,10168,36.88465909369051,0.9037109375000001
1010,10179,36.88465909369051,0.90478515625
1011,10192,36.88465909369051,0.9061523437500001
1012,10203,37.03719859244551,0.9072265625
1013,10215,37.03719859244551,0.9083984374999999
1014,10228,37.03719859244551,0.90966796875
1015,10240,37.03719859244551,0.9109375
1016,10252,37.03719859244551,0.912109375
1017,10266,37.20204837894551,0.9134765625000001
1018,10278,37.20204837894551,0.91474609375
1019,10291,37.20204837894551,0.916015625
1020,10304,37.363923808500516,0.9172851562500001
1021,10316,37.363923808500516,0.9185546875
1022,10329,37.363923808500516,0.91982421875
1023,10341,37.363923808500516,0.9210937499999999
1024,10352,37.363923808500516,0.9220703125
1025,10363,37.52022906085551,0.9232421875000001
1026,10376,37.52022906085551,0.92451171875
1027,10387,37.52022906085551,0.9255859375
1028,10398,37.66042198726051,0.9267578125
1029,10411,37.66042198726051,0.9279296874999999
1030,10422,37.66042198726051,0.92919921875
1031,10433,37.66042198726051,0.93017578125
1032,10444,37.66042198726051,0.93134765625
1033,10455,37.798577091795515,0.9324218750000001
1034,10465,37.798577091795515,0.9334960937500001
1035,10477,37.798577091795515,0.9346679687499999
1036,10488,37.798577091795515,0.9357421874999999
1037,10499,37.932713431160515,0.9368164062500001
1038,10511,37.932713431160515,0.9380859375
1039,10524,37.932713431160515,0.9392578125000001
1040,10535,37.932713431160515,0.9404296875
1041,10546,37.932713431160515,0.9415039062499999
1042,10558,38.068930741655514,0.94267578125
1043,10569,38.068930741655514,0.94375
1044,10580,38.068930741655514,0.944921875
1045,10592,38.19480595906051,0.94609375
1046,10603,38.19480595906051,0.947265625
1047,10615,38.19480595906051,0.9484375
1048,10627,38.19480595906051,0.949609375
1049,10639,38.19480595906051,0.95078125
1050,10650,38.315812174740515,0.95185546875
1051,10662,38.315812174740515,0.9530273437500001
1052,10758,38.56043121367052,0.9619140625
1053,10771,38.56043121367052,0.9640625
1054,10783,38.68763425148551,0.9652343750000001
1055,10796,38.68763425148551,0.96650390625
1056,10809,38.68763425148551,0.96787109375
1057,10822,38.68763425148551,0.969140625
1058,10834,38.68763425148551,0.9703125
1059,10847,38.81205710402551,0.9716796875
1060,10862,38.81205710402551,0.97314453125
1061,10875,38.81205710402551,0.9744140625
1062,10887,38.92574265548051,0.9755859375
1063,10899,38.92574265548051,0.9767578124999999
1064,10912,38.92574265548051,0.9781249999999999
1065,10925,38.92574265548051,0.9793945312500001
1066,10936,38.92574265548051,0.9805664062499999
1067,10947,39.03941938095051,0.9816406249999999
1068,10960,39.03941938095051,0.98291015625
1069,10971,39.03941938095051,0.983984375
1070,10982,39.15349915973552,0.98515625
1071,10994,39.15349915973552,0.986328125
1072,11006,39.15349915973552,0.9875
1073,11017,39.15349915973552,0.988671875
1074,11028,39.15349915973552,0.98974609375
1075,11040,39.15349915973552,0.99091796875
1076,11051,39.279136075545516,0.9919921875
1077,11062,39.279136075545516,0.9931640625
1078,11074,39.40084738936051,0.9943359374999999
1079,11085,39.40084738936051,0.9954101562500001
1080,11096,39.40084738936051,0.99658203125
1081,11108,39.40084738936051,0.9976562499999999
1082,11119,39.40084738936051,0.998828125
1083,11130,39.40084738936051,0.99990234375
1084,11142,39.52019039720051,1.001171875
1085,11154,39.52019039720051,1.00234375
1086,11165,39.63481542572552,1.00341796875
1087,11177,39.63481542572552,1.00458984375
1088,11188,39.63481542572552,1.0057617187499999
1089,11200,39.63481542572552,1.00693359375
1090,11212,39.63481542572552,1.00810546875
1091,11224,39.63481542572552,1.009375
1092,11235,39.63481542572552,1.01044921875
1093,11247,39.75900095733551,1.01162109375
1094,11259,39.75900095733551,1.012890625
1095,11271,39.883277690790514,1.01396484375
1096,11282,39.883277690790514,1.01513671875
1097,11296,39.883277690790514,1.01650390625
1098,11312,39.883277690790514,1.01806640625
1099,11326,39.883277690790514,1.01953125
1100,11339,40.00532831469551,1.02080078125
1101,11351,40.00532831469551,1.02197265625
1102,11364,40.11688680376552,1.02333984375
1103,11379,40.11688680376552,1.0248046875
1104,11392,40.11688680376552,1.0260742187499998
1105,11404,40.11688680376552,1.02724609375
1106,11416,40.11688680376552,1.0285156249999998
1107,11430,40.11688680376552,1.02998046875
1108,11444,40.219685993055506,1.03134765625
1109,11459,40.31844190055051,1.0328125000000001
1110,11472,40.31844190055051,1.03408203125
1111,11484,40.31844190055051,1.0353515625
1112,11496,40.31844190055051,1.0365234375
1113,11510,40.31844190055051,1.037890625
1114,11524,40.31844190055051,1.0392578125
1115,11536,40.42421250479052,1.04052734375
1116,11547,40.42421250479052,1.0416015625
1117,11559,40.52644585037552,1.04287109375
1118,11572,40.52644585037552,1.044140625
1119,11583,40.52644585037552,1.04521484375
1120,11595,40.52644585037552,1.04638671875
1121,11607,40.52644585037552,1.04765625
1122,11618,40.52644585037552,1.04873046875
1123,11630,40.62493011366551,1.0499023437500001
1124,11642,40.62493011366551,1.051171875
1125,11706,40.719025901080514,1.05693359375
1126,11719,40.719025901080514,1.0587890625
1127,11732,40.824239487600515,1.06005859375
1128,11745,40.93068773135552,1.06142578125
1129,11757,40.93068773135552,1.0626953124999998
1130,11769,40.93068773135552,1.0637695312500002
1131,11781,40.93068773135552,1.0650390625
1132,11794,40.93068773135552,1.06630859375
1133,11807,40.93068773135552,1.0675781249999998
1134,11819,40.93068773135552,1.06875
1135,11831,41.03952487505051,1.0700195312499998
1136,11845,41.14066575982552,1.07138671875
1137,11858,41.14066575982552,1.07265625
1138,11870,41.14066575982552,1.07392578125
1139,11881,41.14066575982552,1.075
1140,11893,41.14066575982552,1.076171875
1141,11904,41.14066575982552,1.07724609375
1142,11914,41.14066575982552,1.0783203125
1143,11927,41.226532787225516,1.07958984375
1144,11940,41.30741999775552,1.0808593750000002
1145,11954,41.30741999775552,1.08232421875
1146,11967,41.30741999775552,1.08359375
1147,11978,41.30741999775552,1.084765625
1148,11988,41.30741999775552,1.0857421875000002
1149,11999,41.30741999775552,1.08681640625
1150,12012,41.30741999775552,1.0880859375
1151,12025,41.39179445302552,1.08935546875
1152,12035,41.472941539780514,1.0904296875
1153,12047,41.472941539780514,1.0916015625
1154,12060,41.472941539780514,1.09287109375
1155,12070,41.472941539780514,1.0939453125
1156,12082,41.472941539780514,1.0951171875
1157,12095,41.472941539780514,1.09638671875
1158,12107,41.472941539780514,1.09755859375
1159,12119,41.54175382216551,1.0987304687500001
1160,12131,41.60360240238551,1.1
1161,12144,41.60360240238551,1.10126953125
1162,12156,41.60360240238551,1.1025390625
1163,12168,41.60360240238551,1.1036132812500001
1164,12180,41.60360240238551,1.1048828125
1165,12193,41.60360240238551,1.10625
1166,12205,41.60360240238551,1.107421875
1167,12217,41.65348981160051,1.10859375
1168,12230,41.70064410746052,1.10986328125
1169,12243,41.70064410746052,1.1111328125
1170,12255,41.70064410746052,1.11240234375
1171,12266,41.70064410746052,1.11357421875
1172,12278,41.70064410746052,1.1146484375
1173,12290,41.70064410746052,1.11591796875
1174,12302,41.70064410746052,1.11708984375
1175,12314,41.72535392346551,1.1182617187500001
1176,12327,41.74189970334551,1.11953125
1177,12338,41.74189970334551,1.1207031250000001
1178,12350,41.74189970334551,1.121875
1179,12362,41.74189970334551,1.123046875
1180,12375,41.74189970334551,1.1244140625
1181,12386,41.74189970334551,1.1255859375000001
1182,12398,41.74189970334551,1.12666015625
1183,12411,41.74189970334551,1.1279296875
1184,12423,41.57080700345552,1.12919921875
1185,12435,41.57080700345552,1.13037109375
1186,12447,41.57080700345552,1.13154296875
1187,12460,41.57080700345552,1.1329101562500001
1188,12472,41.57080700345552,1.13408203125
1189,12530,39.330793585085516,1.13994140625
1190,12550,39.330793585085516,1.1418945312500002
1191,12562,39.330793585085516,1.1431640625
1192,12574,39.330793585085516,1.1443359375000002
1193,12585,39.330793585085516,1.14541015625
1194,12597,39.330793585085516,1.1466796875
1195,12610,35.39440035242552,1.1478515625
1196,12622,31.30362299014552,1.14912109375
1197,12634,31.30362299014552,1.15029296875
1198,12647,31.30362299014552,1.1515625
1199,12660,31.30362299014552,1.1529296875
1200,12675,31.30362299014552,1.15439453125
1201,12688,31.30362299014552,1.1556640625
1202,12700,31.30362299014552,1.15693359375
1203,12713,21.11788712774552,1.158203125
1204,12726,21.11788712774552,1.15947265625
1205,12738,21.11788712774552,1.1607421875
1206,12750,21.11788712774552,1.1619140625
1207,12763,21.11788712774552,1.16318359375
1208,12776,21.11788712774552,1.1644531249999999
1209,12788,21.11788712774552,1.16572265625
1210,12800,21.11788712774552,1.1668945312499999
1211,12812,11.04311351009552,1.1681640625
1212,12825,11.04311351009552,1.16943359375
1213,12837,11.04311351009552,1.17060546875
1214,12849,11.04311351009552,1.171875
1215,12862,11.04311351009552,1.173046875
1216,12877,11.04311351009552,1.174609375
1217,12889,11.04311351009552,1.17587890625
1218,12901,3.0037424618905204,1.17705078125
1219,12914,3.0037424618905204,1.1783203125
1220,12928,3.0037424618905204,1.1796875
1221,12941,3.0037424618905204,1.1809570312500002
1222,12953,3.0037424618905204,1.18212890625
1223,12964,3.0037424618905204,1.18330078125
1224,12976,3.0037424618905204,1.18447265625
1225,12988,3.0037424618905204,1.18564453125
1226,13017,0.73112193227052,1.18857421875
1227,13030,0.73112193227052,1.18984375
1228,13043,0.73112193227052,1.1912109375
1229,13055,0.73112193227052,1.1923828125
1230,13067,0.73112193227052,1.1935546875
1231,13079,0.73112193227052,1.19482421875
1232,13092,0.73112193227052,1.19609375
1233,13103,0.6534699355755199,1.197265625
1234,13115,0.6534699355755199,1.1984375
1235,13128,0.6534699355755199,1.19970703125
1236,13141,0.6534699355755199,1.2009765625
1237,13228,0.6297290165905199,1.20966796875
1238,13242,0.6297290165905199,1.2111328125
1239,13255,0.6297290165905199,1.21240234375
1240,13268,0.6297290165905199,1.213671875
1241,13279,0.6297290165905199,1.21484375
1242,13291,0.61804635444552,1.216015625
1243,13303,0.60606655080552,1.2171875
1244,13315,0.60606655080552,1.2183593750000001
1245,13328,0.60606655080552,1.21962890625
1246,13341,0.60606655080552,1.22099609375
1247,13353,0.60606655080552,1.222265625
1248,13364,0.60606655080552,1.22333984375
1249,13376,0.60606655080552,1.22451171875
1250,13388,0.59657175227552,1.2256835937500001
1251,13400,0.58667684242552,1.22685546875
1252,13412,0.58667684242552,1.2281250000000001
1253,13468,0.58667684242552,1.2335937499999998
1254,13486,0.57305834757052,1.2354492187500001
1255,13499,0.55921233843552,1.23681640625
1256,13511,0.55921233843552,1.2380859375
1257,13524,0.55921233843552,1.2392578125
1258,13536,0.55921233843552,1.24052734375
1259,13548,0.55921233843552,1.24169921875
1260,13561,0.55921233843552,1.24306640625
1261,13574,0.54821025780052,1.24423828125
1262,13586,0.53731310832052,1.2455078125
1263,13598,0.53731310832052,1.2466796875
1264,13611,0.53731310832052,1.24794921875
1265,13623,0.53731310832052,1.24921875
1266,13635,0.53731310832052,1.2503906249999999
1267,13647,0.53731310832052,1.2515625
1268,13660,0.53731310832052,1.2529296875
1269,13672,0.53120160404052,1.2541992187500002
1270,13684,0.52501654988552,1.2552734374999999
1271,13696,0.52501654988552,1.2565429687499998
1272,13708,0.52501654988552,1.2578125
1273,13721,0.52501654988552,1.2589843749999998
1274,13733,0.52501654988552,1.26025390625
1275,13746,0.52501654988552,1.2615234375000002
1276,13759,0.52501654988552,1.26279296875
1277,13771,0.5200190810455201,1.2640625
1278,13783,0.51503338018552,1.265234375
1279,13795,0.51503338018552,1.2664062500000002
1280,13808,0.51503338018552,1.2677734374999998
1281,13822,0.51503338018552,1.26904296875
1282,13833,0.51503338018552,1.2702148437499998
1283,13847,0.51503338018552,1.2715820312500001
1284,13861,0.51503338018552,1.2730468750000001
1285,13874,0.5121796450355199,1.27431640625
1286,13887,0.50937690446552,1.2755859375
1287,13900,0.50937690446552,1.27685546875
1288,13912,0.50937690446552,1.278125
1289,13926,0.50937690446552,1.2794921875
1290,13938,0.50937690446552,1.28076171875
1291,13950,0.50937690446552,1.28193359375
1292,13963,0.5050943404105199,1.2831054687499999
1293,13975,0.5050943404105199,1.28447265625
1294,13987,0.5006431019755201,1.2855468749999999
1295,13999,0.5006431019755201,1.28681640625
1296,14012,0.5006431019755201,1.2880859375
1297,14025,0.5006431019755201,1.2894531249999999
1298,14037,0.5006431019755201,1.290625
1299,14049,0.5006431019755201,1.291796875
1300,14062,0.49505429214052,1.29306640625
1301,14075,0.49505429214052,1.2943359374999999
1302,14087,0.48939389376052,1.2955078125
1303,14098,0.48939389376052,1.2966796875
1304,14111,0.48939389376052,1.2980468749999998
1305,14124,0.48939389376052,1.29931640625
1306,14136,0.48939389376052,1.3004882812499998
1307,14148,0.48939389376052,1.3017578125
1308,14161,0.48625380443051996,1.3030273437500002
1309,14220,0.48332848073552004,1.30888671875
1310,14239,0.48332848073552004,1.3107421875
1311,14253,0.48226543987552,1.31220703125
1312,14266,0.48226543987552,1.3134765625
1313,14281,0.48116905640551993,1.3150390625
1314,14294,0.48116905640551993,1.3163085937499999
1315,14306,0.48116905640551993,1.3175781249999998
1316,14318,0.48116905640551993,1.3187499999999999
1317,14331,0.48116905640551993,1.319921875
1318,14343,0.48116905640551993,1.3211914062499999
1319,14356,0.47889489427052,1.3224609374999998
1320,14368,0.47889489427052,1.32373046875
1321,14380,0.47627161539552004,1.3249023437499998
1322,14393,0.47627161539552004,1.32626953125
1323,14406,0.47627161539552004,1.3274414062500002
1324,14417,0.47627161539552004,1.32861328125
1325,14430,0.47627161539552004,1.3298828125000002
1326,14443,0.47203416193052,1.33115234375
1327,14456,0.47203416193052,1.33251953125
1328,14468,0.46769668063552,1.3336914062499998
1329,14481,0.46769668063552,1.3349609375
1330,14493,0.46769668063552,1.3362304687500002
1331,14506,0.46769668063552,1.3375000000000001
1332,14518,0.46769668063552,1.3386718750000002
1333,14530,0.46769668063552,1.3399414062500001
1334,14543,0.46306499984051996,1.3412109375
1335,14556,0.46306499984051996,1.34248046875
1336,14568,0.45860885808052,1.34365234375
1337,14581,0.45860885808052,1.344921875
1338,14594,0.45860885808052,1.34619140625
1339,14609,0.45860885808052,1.3478515625
1340,14625,0.45860885808052,1.3493164062499998
1341,14640,0.45455086631052005,1.3508789062500002
1342,14654,0.45455086631052005,1.35224609375
1343,14672,0.45068998820552003,1.3541015625
1344,14685,0.45068998820552003,1.35546875
1345,14699,0.45068998820552003,1.3567382812500002
1346,14713,0.45068998820552003,1.3581054687499998
1347,14726,0.45068998820552003,1.3594726562500001
1348,14738,0.4476744433305201,1.3607421875
1349,14750,0.4476744433305201,1.3619140625000001
1350,14764,0.44489131606052007,1.36328125
1351,14776,0.44489131606052007,1.36455078125
1352,14789,0.44489131606052007,1.3658203125000001
1353,14802,0.44489131606052007,1.3669921875
1354,14814,0.44489131606052007,1.3682617187500001
1355,14826,0.44489131606052007,1.36953125
1356,14839,0.44357428296552004,1.37080078125
1357,14852,0.44357428296552004,1.3720703125
1358,14865,0.4423641423555201,1.3734374999999999
1359,14880,0.4423641423555201,1.3748046875
1360,14893,0.4423641423555201,1.3761718749999998
1361,14907,0.4423641423555201,1.3775390625
1362,14919,0.4423641423555201,1.37880859375
1363,14931,0.44182869926552004,1.3800781249999998
1364,14945,0.44182869926552004,1.3814453125000001
1365,15013,0.44112458179552,1.3880859374999999
1366,15027,0.44024688662052003,1.3896484375
1367,15041,0.44024688662052003,1.3909179687500002
1368,15053,0.44024688662052003,1.3921875
1369,15066,0.43941528270052,1.3935546875
1370,15080,0.43941528270052,1.394921875
1371,15094,0.43941528270052,1.3962890625
1372,15106,0.43941528270052,1.3974609375
1373,15118,0.43871802988552,1.39873046875
1374,15131,0.43871802988552,1.4000000000000001
1375,15145,0.43871802988552,1.4013671875
1376,15157,0.43831693790052006,1.40263671875
1377,15170,0.43831693790052006,1.40380859375
1378,15182,0.43831693790052006,1.4051757812499999
1379,15195,0.43831693790052006,1.4064453125
1380,15208,0.43831693790052006,1.40771484375
1381,15221,0.43798449246552,1.408984375
1382,15234,0.43798449246552,1.41025390625
1383,15247,0.43798449246552,1.4115234374999999
1384,15262,0.43806490699552003,1.4130859375
1385,15278,0.43806490699552003,1.4146484375000001
1386,15292,0.43806490699552003,1.41611328125
1387,15305,0.43806490699552003,1.4173828124999999
1388,15318,0.43792957522552,1.41865234375
1389,15330,0.43792957522552,1.419921875
1390,15344,0.43792957522552,1.4212890624999999
1391,15359,0.43806098433552004,1.42275390625
1392,15372,0.43806098433552004,1.4241210937500002
1393,15385,0.43806098433552004,1.42529296875
1394,15397,0.43806098433552004,1.4265625000000002
1395,15411,0.43810609492552005,1.42802734375
1396,15424,0.43810609492552005,1.4292968750000001
1397,15437,0.43810609492552005,1.43056640625
1398,15450,0.43813943753552,1.43193359375
1399,15466,0.43813943753552,1.4334960937499999
1400,15484,0.43813943753552,1.43525390625
1401,15502,0.43826398199052,1.437109375
1402,15518,0.43826398199052,1.4386718749999998
1403,15534,0.43826398199052,1.44033203125
1404,15550,0.43831595723552,1.44189453125
1405,15566,0.43831595723552,1.44345703125
1406,15581,0.43831595723552,1.44501953125
1407,15596,0.43831595723552,1.44658203125
1408,15612,0.43849541893052,1.448046875
1409,15627,0.43849541893052,1.449609375
1410,15643,0.43859054343552,1.451171875
1411,15658,0.43859054343552,1.45263671875
1412,15672,0.43859054343552,1.4541015625
1413,15686,0.43859054343552,1.45556640625
1414,15701,0.43866899663552,1.45693359375
1415,15717,0.43866899663552,1.4585937500000001
1416,15732,0.43866899663552,1.46015625
1417,15749,0.43872979786552,1.46181640625
1418,15839,0.43885434232052006,1.4708007812500001
1419,15853,0.43885434232052006,1.47216796875
1420,15867,0.43885434232052006,1.4736328125
1421,15881,0.43885434232052006,1.4749999999999999
1422,15896,0.43893867951051996,1.47646484375
1423,15911,0.43893867951051996,1.47802734375
1424,15928,0.43893867951051996,1.4796875
1425,15944,0.43904753332552005,1.48134765625
1426,15961,0.43904753332552005,1.4830078125000001
1427,15976,0.43904753332552005,1.48447265625
1428,15991,0.43897986744052003,1.4860351562499998
1429,16005,0.43897986744052003,1.48740234375
1430,16022,0.43897986744052003,1.4890625
1431,16036,0.43903184268552,1.4904296875
1432,16050,0.43903184268552,1.49189453125
1433,16064,0.43903184268552,1.4933593749999998
1434,16081,0.43907106928552,1.4949218750000002
1435,16096,0.43907106928552,1.496484375
1436,16111,0.43907106928552,1.4979492187499999
1437,16126,0.43907106928552,1.4994140624999999
1438,16140,0.43903772667552,1.50087890625
1439,16154,0.43903772667552,1.5022460937500002
1440,16168,0.43903772667552,1.5037109375
1441,16183,0.43907695327552004,1.50517578125
1442,16197,0.43907695327552004,1.506640625
1443,16211,0.43907695327552004,1.5080078124999998
1444,16225,0.43907695327552004,1.5094726562499998
1445,16239,0.4391102958855201,1.5107421875
1446,16253,0.4391102958855201,1.512109375
1447,16266,0.4391102958855201,1.5134765625
1448,16280,0.43907695327552004,1.51484375
1449,16294,0.43907695327552004,1.51630859375
1450,16308,0.43907695327552004,1.51767578125
1451,16322,0.43907695327552004,1.51904296875
1452,16334,0.43919953640051995,1.5203125000000002
1453,16347,0.43919953640051995,1.52158203125
1454,16361,0.43919953640051995,1.52294921875
1455,16375,0.43923876300052,1.52431640625
1456,16389,0.43923876300052,1.52578125
1457,16404,0.43923876300052,1.5272460937499999
1458,16418,0.43923876300052,1.52861328125
1459,16431,0.43923385967552,1.5299804687499998
1460,16446,0.43923385967552,1.5315429687500002
1461,16461,0.43923385967552,1.5330078125
1462,16537,0.43915540647552,1.5345703124999999
1463,16568,0.43900340340052,1.5436523437499998
1464,16584,0.43900340340052,1.54521484375
1465,16599,0.43900340340052,1.5467773437499999
1466,16614,0.43900340340052,1.54833984375
1467,16629,0.43906518529551997,1.5498046875
1468,16645,0.43906518529551997,1.5513671875000001
1469,16662,0.43901419071551995,1.55302734375
1470,16748,0.43901517138052,1.55615234375
1471,16850,0.43919855573552,1.5718750000000001
1472,16876,0.43919855573552,1.57451171875
1473,16902,0.43919855573552,1.5771484375
1474,16954,0.43948687124552,1.5818359375
1475,16980,0.43948687124552,1.5848632812499999
1476,17010,0.43948687124552,1.587890625
1477,17033,0.43956336311552,1.590234375
1478,17081,0.43968692690552,1.59482421875
1479,17127,0.43975753478551993,1.5995117187499999
1480,17149,0.43985363995552007,1.6017578125
1481,17173,0.43985363995552007,1.60419921875
1482,17227,0.43993405448552,1.6095703124999998
1483,17265,0.44005761827552003,1.6133789062500001
1484,17280,0.44005761827552003,1.61494140625
1485,17295,0.44005761827552003,1.61630859375
1486,17310,0.44017529807551997,1.6178710937499998
1487,17324,0.44017529807551997,1.6193359374999998
1488,17338,0.44035574043552,1.6207031250000001
1489,17352,0.44035574043552,1.6221679687500001
1490,17367,0.44035574043552,1.62353515625
1491,17382,0.44035574043552,1.62509765625
1492,17397,0.44035574043552,1.6265625
1493,17411,0.44046949757552,1.6280273437500001
1494,17426,0.44046949757552,1.6294921875000001
1495,17440,0.44062150065052,1.630859375
1496,17453,0.44062150065052,1.63212890625
1497,17465,0.44062150065052,1.6333984375
1498,17480,0.44062150065052,1.63486328125
1499,17493,0.44062150065052,1.63623046875
1500,17507,0.44078723303552003,1.63759765625
1501,17520,0.44078723303552003,1.6388671874999998
1502,17533,0.44089902884552007,1.6402343750000001
1503,17547,0.44089902884552007,1.64150390625
1504,17562,0.44089902884552007,1.64306640625
1505,17579,0.44089902884552007,1.6447265624999998
1506,17595,0.44089902884552007,1.6462890625000002
1507,17611,0.44099807601052,1.64794921875
1508,17625,0.4411167364755201,1.6494140625
1509,17639,0.4411167364755201,1.6507812499999999
1510,17651,0.4411167364755201,1.6520507812499998
1511,17664,0.4411167364755201,1.6533203125
1512,17678,0.4411167364755201,1.6546875
1513,17692,0.4411167364755201,1.6560546875000002
1514,17706,0.44115400174552005,1.657421875
1515,17718,0.44119911233552006,1.65869140625
1516,17785,0.44119911233552006,1.66484375
1517,17801,0.44131286947551995,1.6669921875
1518,17817,0.44127854620052,1.66845703125
1519,17831,0.44127854620052,1.67001953125
1520,17847,0.44127854620052,1.6715820312499998
1521,17862,0.44127854620052,1.6730468749999998
1522,17878,0.44127854620052,1.67470703125
1523,17894,0.44127854620052,1.67626953125
1524,17908,0.44139622600052003,1.6776367187499999
1525,17923,0.44139622600052003,1.6791015625
1526,17937,0.44139622600052003,1.6806640625
1527,17950,0.44139622600052003,1.68193359375
1528,17964,0.44139622600052003,1.68330078125
1529,17978,0.44139622600052003,1.68466796875
1530,17992,0.44139622600052003,1.6861328125
1531,18006,0.44148154385552,1.6875
1532,18021,0.44142564595052003,1.68896484375
1533,18035,0.44142564595052003,1.6904296875
1534,18049,0.44142564595052003,1.691796875
1535,18064,0.44142564595052003,1.6932617187499999
1536,18080,0.44142564595052003,1.69482421875
1537,18095,0.44149625383052,1.6963867187500001
1538,18113,0.44145702723052005,1.6981445312499999
1539,18129,0.44145702723052005,1.6998046875
1540,18144,0.44145702723052005,1.7012695312500001
1541,18160,0.44145702723052005,1.70283203125
1542,18174,0.44145702723052005,1.704296875
1543,18189,0.44145310457052006,1.7057617187499998
1544,18203,0.44157078437052005,1.7072265624999998
1545,18219,0.44157078437052005,1.7087890625
1546,18234,0.44157078437052005,1.71025390625
1547,18249,0.44157078437052005,1.71171875
1548,18264,0.44157078437052005,1.71328125
1549,18278,0.44157078437052005,1.71474609375
1550,18293,0.44152763511052,1.71611328125
1551,18307,0.44167963818552003,1.717578125
1552,18322,0.44167963818552003,1.71904296875
1553,18337,0.44167963818552003,1.72060546875
1554,18354,0.44167963818552003,1.7222656250000001
1555,18371,0.44167963818552003,1.7240234374999999
1556,18387,0.44172278744552,1.7255859375
1557,18402,0.44189734581552004,1.72705078125
1558,18417,0.44189734581552004,1.72861328125
1559,18433,0.44189734581552004,1.7301757812499998
1560,18448,0.44189734581552004,1.7317382812500002
1561,18464,0.44189734581552004,1.73330078125
1562,18480,0.44189734581552004,1.73486328125
1563,18495,0.44211799544052,1.736328125
1564,18510,0.44211799544052,1.73779296875
1565,18524,0.44211799544052,1.7392578125
1566,18538,0.44211799544052,1.74072265625
1567,18552,0.44211799544052,1.7420898437499999
1568,18567,0.44211799544052,1.7435546874999999
1569,18582,0.44232197376052,1.7451171875
1570,18689,0.44240631095051997,1.755078125
1571,18705,0.44240631095051997,1.7574218750000001
1572,18721,0.44240631095051997,1.758984375
1573,18734,0.44240631095051997,1.76025390625
1574,18750,0.44240631095051997,1.7619140624999998
1575,18766,0.44240631095051997,1.76357421875
1576,18781,0.44239160097551994,1.7650390625
1577,18796,0.44239160097551994,1.76640625
1578,18810,0.44239160097551994,1.76787109375
1579,18824,0.44239160097551994,1.7693359375000002
1580,18838,0.44239160097551994,1.7707031249999998
1581,18853,0.44239160097551994,1.77216796875
1582,18869,0.44239160097551994,1.77373046875
1583,18886,0.44238571698552,1.77548828125
1584,18902,0.44238571698552,1.77705078125
1585,18919,0.44238571698552,1.77880859375
1586,18934,0.44238571698552,1.7802734375
1587,18949,0.44238571698552,1.78173828125
1588,18964,0.44238571698552,1.7833007812500001
1589,18978,0.44249359013552003,1.784765625
1590,18994,0.44249359013552003,1.78623046875
1591,19027,0.44249359013552003,1.78955078125
1592,19041,0.44249359013552003,1.791015625
1593,19057,0.44249359013552003,1.792578125
1594,19075,0.44253673939551996,1.79443359375
1595,19091,0.44253673939551996,1.79599609375
1596,19110,0.44253673939551996,1.7978515625
1597,19128,0.44253673939551996,1.7997070312499999
1598,19144,0.44253673939551996,1.80126953125
1599,19161,0.44253673939551996,1.80302734375
1600,19180,0.44254850737552004,1.8048828124999998
1601,19196,0.44254850737552004,1.80654296875
1602,19213,0.44254850737552004,1.808203125
1603,19232,0.44254850737552004,1.81005859375
1604,19246,0.44254850737552004,1.8115234375
1605,19263,0.44248672548052,1.8131835937499998
1606,19278,0.44253379740052,1.8146484374999998
1607,19293,0.44253379740052,1.8162109375
1608,19308,0.44253379740052,1.81767578125
1609,19325,0.44253379740052,1.81943359375
1610,19340,0.44253379740052,1.82080078125
1611,19353,0.44253379740052,1.82216796875
1612,19367,0.44254360405051996,1.8236328125
1613,19381,0.44254360405051996,1.825
1614,19395,0.44254360405051996,1.8263671875
1615,19411,0.44254360405051996,1.82802734375
1616,19427,0.44254360405051996,1.82958984375
1617,19440,0.44254360405051996,1.830859375
1618,19453,0.44265638052552,1.8322265625
1619,19467,0.44267599382552,1.83359375
1620,19485,0.44267599382552,1.8353515625
