,Time (ms),Voltage (mV),Voltage (mA),Force (mGrams)
0,1821,0,1,0
1,2033,0,1,0
2,2233,0,1,0
3,2406,0,1,-1
4,2616,0,1,-1
5,2897,0,1,0
6,3110,0,1,0
7,3327,0,1,0
8,3533,0,1,0
9,3752,0,1,-1
10,3975,0,1,0
11,4166,0,1,0
12,4355,0,1,0
13,4543,0,1,1
14,4780,0,1,0
15,4974,0,1,0
16,5173,0,1,1
17,5376,0,1,1
18,5580,0,1,0
19,5781,0,1,0
20,5984,0,1,1
21,6176,0,1,0
22,6371,0,1,-1
23,6564,0,1,-1
24,6757,0,1,0
25,6957,0,1,0
26,7155,0,1,0
27,7350,0,1,0
28,7560,0,1,0
29,7760,0,1,0
30,7963,0,1,0
31,8159,0,1,0
32,8397,0,1,1
33,8595,0,1,1
34,8797,0,1,0
35,8999,0,1,1
36,9199,0,1,1
37,9398,0,1,1
38,9615,0,1,0
39,9820,0,1,1
40,10033,0,1,1
41,10227,0,1,1
42,10417,0,1,0
43,10608,0,1,1
44,10799,0,1,2
45,10994,0,1,1
46,11177,0,1,1
47,11354,0,1,2
48,11534,0,1,2
49,11731,0,1,2
50,11965,0,1,3
51,12156,0,1,3
52,12346,0,1,2
53,12544,0,1,1
54,12738,0,1,2
55,12927,0,1,3
56,13120,0,1,4
57,13556,0,1,3
58,13749,0,1,3
59,13939,0,1,3
60,14119,0,1,3
61,14296,0,1,3
62,14475,0,1,3
63,14660,0,1,3
64,14841,0,1,2
65,15029,0,1,2
66,15207,0,1,3
67,15389,0,1,3
68,15570,0,1,3
69,15755,0,1,3
70,15956,0,1,4
71,16133,0,1,3
72,16378,0,1,4
73,16557,0,1,4
74,16740,0,1,4
75,16924,0,1,4
76,17111,0,1,4
77,17305,0,1,3
78,17497,0,1,4
79,17685,0,1,5
80,17874,0,1,4
81,18072,0,1,4
82,18262,0,1,5
83,18445,0,1,4
84,18631,0,1,4
85,18815,0,1,4
86,19005,0,1,4
87,19190,0,1,4
88,19379,0,1,5
89,19566,0,1,5
90,19753,0,1,5
91,19944,0,1,5
92,20144,0,1,4
93,20335,0,1,5
94,20541,0,1,5
95,20767,0,1,5
96,20964,0,1,5
97,21152,0,1,6
98,21348,0,1,6
99,21537,0,1,5
100,21734,0,1,5
101,21927,0,1,5
102,22129,0,1,6
103,22324,0,1,6
104,22502,0,1,6
105,22680,0,1,5
106,22860,0,1,5
107,23041,0,1,5
108,23222,0,1,5
109,23403,0,1,4
110,23585,0,1,4
111,23769,0,1,5
112,23946,0,1,5
113,24149,0,1,5
114,24345,0,1,5
115,24540,0,1,5
116,24716,0,1,4
117,24969,0,1,4
118,25162,0,1,5
119,25345,0,1,6
120,25529,0,1,5
121,25714,0,1,5
122,25895,0,1,5
123,26071,0,1,5
124,26261,0,1,5
125,26450,0,1,5
126,26634,0,1,5
127,26818,0,1,5
128,26999,0,1,5
129,27182,0,1,5
130,27362,0,1,5
131,27551,0,1,5
132,27728,0,1,6
133,27907,0,1,5
134,28090,0,1,3
135,28282,0,1,2
136,28480,0,1,2
137,28662,0,1,3
138,28850,0,1,4
139,29081,0,1,3
140,29268,0,1,3
141,29457,0,1,3
142,29637,0,1,3
143,29823,0,1,4
144,30008,0,1,3
145,30195,0,1,3
146,30380,0,1,4
147,30581,0,1,3
148,30767,0,1,3
149,30950,0,1,4
150,31136,0,1,3
151,31323,0,1,1
152,31510,0,1,1
153,31699,0,1,0
154,31887,0,1,0
155,32072,0,1,1
156,32260,0,1,0
157,32444,0,1,0
158,32645,0,1,1
159,32835,0,1,1
160,33069,0,1,1
161,33269,0,1,3
162,33488,0,1,5
163,33691,0,1,6
164,33879,0,1,8
165,34058,0,1,9
166,34240,0,1,10
167,34422,0,1,12
168,34614,0,1,14
169,34811,0,1,15
170,35004,0,1,16
171,35194,0,1,17
172,35386,0,1,18
173,35582,0,1,19
174,35781,0,1,19
175,35982,0,1,21
176,36161,0,1,22
177,36330,0,1,23
178,36506,0,1,24
179,36688,0,1,24
180,36877,0,1,23
181,37097,0,1,24
182,37281,0,1,25
183,37463,0,1,26
184,37644,0,1,26
185,37827,0,1,26
186,38014,0,1,26
187,38198,0,1,26
188,38381,0,1,26
189,38564,0,1,26
190,38758,0,1,26
191,38958,0,1,26
192,39143,0,1,26
193,39335,0,1,26
194,39518,0,1,26
195,39707,0,1,26
196,39891,0,1,26
197,40076,0,1,26
198,40262,0,1,26
199,40457,0,1,26
200,40645,0,1,27
201,40832,0,1,27
202,41039,0,1,27
203,41223,0,1,27
204,41447,0,1,28
205,41638,0,1,27
206,41823,0,1,26
207,42011,0,1,27
208,42198,0,1,27
209,42387,0,1,28
210,42570,0,1,28
211,42751,0,1,28
212,42925,0,1,28
213,43110,0,1,28
214,43283,0,1,28
215,43455,0,1,28
216,43629,0,1,28
217,43802,0,1,27
218,43989,0,1,27
219,44157,0,1,28
220,44330,0,1,29
221,44512,0,1,29
222,44690,0,1,28
223,44863,0,1,29
224,45287,0,1,29
225,45463,0,1,29
226,45642,0,1,29
227,45860,0,1,29
228,46042,0,1,29
229,46222,0,1,29
230,46398,0,1,29
231,46579,0,1,30
232,46757,0,1,30
233,46933,0,1,29
234,47109,0,1,29
235,47300,0,1,29
236,47476,0,1,30
237,47662,0,1,30
238,47838,0,1,30
239,48022,0,1,29
240,48206,0,1,29
241,48391,0,1,29
242,48570,0,1,29
243,48754,0,1,29
244,48931,0,1,30
245,49109,0,1,31
246,49295,0,1,31
247,49480,0,1,30
248,49663,0,1,30
249,49906,0,1,30
250,50090,0,1,31
251,50276,0,1,31
252,50452,0,1,30
253,50633,0,1,31
254,50814,0,1,32
255,51000,0,1,32
256,51177,0,1,32
257,51357,0,1,32
258,51545,0,1,32
259,51727,0,1,31
260,51996,0,1,32
261,52201,0,1,32
262,52387,0,1,33
263,52568,0,1,33
264,52751,0,1,32
265,52932,0,1,32
266,53109,0,1,32
267,53294,0,1,32
268,53476,0,1,32
269,53681,0,1,33
270,53910,0,1,33
271,54113,0,1,33
272,54306,0,1,33
273,54488,0,1,33
274,54673,0,1,33
275,54850,0,1,33
276,55034,0,1,34
277,55219,0,1,35
278,55403,0,1,34
279,55598,0,1,34
280,55788,0,1,33
281,55983,0,1,34
282,56173,0,1,35
283,56354,0,1,35
284,56543,0,1,35
285,56728,0,1,34
286,56914,0,1,34
287,57098,0,1,34
288,57282,0,1,34
289,57467,0,1,33
290,57659,0,1,33
291,57856,0,1,33
292,58043,0,1,33
293,58272,0,1,33
294,58460,0,1,34
295,58649,0,1,34
296,58841,0,1,33
297,59027,0,1,33
298,59221,0,1,34
299,59404,0,1,34
300,59593,0,1,33
301,59792,0,1,32
302,59978,0,1,33
303,60163,0,1,34
304,60348,0,1,34
305,60539,0,1,34
306,60725,0,1,33
307,60913,0,1,33
308,61101,0,1,34
309,61290,0,1,34
310,61479,0,1,34
311,61669,0,1,35
312,61865,0,1,34
313,62059,0,1,33
314,62248,0,1,33
315,62478,0,1,34
316,62671,0,1,34
317,62853,0,1,34
318,63042,0,1,34
319,63228,0,1,34
320,63414,0,1,34
321,63605,0,1,35
322,63795,0,1,35
323,63997,0,1,35
324,64187,0,1,34
325,64374,0,1,35
326,64560,0,1,35
327,64754,0,1,34
328,64945,0,1,35
329,65140,0,1,35
330,65336,0,1,35
331,65545,0,1,34
332,65744,0,1,35
333,65936,0,1,35
334,66142,0,1,35
335,66332,0,1,34
336,66523,0,1,34
337,66712,0,1,36
338,66946,0,1,36
339,67148,0,1,36
340,67344,0,1,35
341,67544,0,1,34
342,67739,0,1,34
343,67935,0,1,35
344,68140,0,1,36
345,68335,0,1,36
346,68533,0,1,36
347,68732,0,1,36
348,68924,0,1,36
349,69118,0,1,35
350,69310,0,1,36
351,69508,0,1,36
352,69699,0,1,37
353,69892,0,1,37
354,70084,0,1,37
355,70290,0,1,37
356,70484,0,1,36
357,70676,0,1,36
358,70869,0,1,37
359,71064,0,1,37
360,71258,0,1,37
361,71495,0,1,37
362,71687,0,1,37
363,71883,0,1,37
364,72073,0,1,37
365,72265,0,1,38
366,72464,0,1,37
367,72660,0,1,38
368,72853,0,1,37
369,73056,0,1,36
370,73252,0,1,36
371,73703,0,1,36
372,73892,0,1,36
373,74088,0,1,36
374,74280,0,1,34
375,74491,0,1,33
376,74687,0,1,31
377,74882,0,1,29
378,75085,0,1,23
379,75276,0,1,18
380,75469,0,1,17
381,75665,0,1,17
382,75857,0,1,18
383,76093,0,1,17
384,76288,0,1,17
385,76494,0,1,17
386,76695,0,1,17
387,76893,0,1,17
388,77086,0,1,17
389,77282,0,1,17
390,77481,0,1,18
391,77683,0,1,18
392,77877,0,1,17
393,78076,0,1,17
394,78276,0,1,16
395,78474,0,1,17
396,78684,0,1,17
397,78882,0,1,16
398,79091,0,1,15
399,79288,0,1,15
400,79487,0,1,16
401,79681,0,1,16
402,79881,0,1,17
403,80082,0,1,18
404,80328,0,1,18
405,80528,0,1,17
406,80742,0,1,17
407,80945,0,1,18
408,81142,0,1,19
409,81340,0,1,19
410,81534,0,1,19
411,81730,0,1,20
412,81927,0,1,21
413,82127,0,1,22
414,82329,0,1,21
415,82525,0,1,10
416,82730,0,1,-10
417,82924,0,1,-41
418,83121,0,1,-66
419,83308,0,1,-70
420,83492,0,1,-65
421,83687,0,1,-58
422,83861,0,1,-59
423,84040,0,1,-61
424,84245,0,1,-61
425,84460,0,1,-62
426,84641,0,1,-63
427,84821,0,1,-63
428,85009,0,1,-64
429,85189,0,1,-65
430,85365,0,1,-65
431,85540,0,1,-61
432,85718,0,1,-62
433,85895,0,1,-69
434,86071,0,1,-76
435,86252,0,1,-88
436,86429,0,1,-99
437,86613,0,1,-107
438,86799,0,1,-112
439,87007,0,1,-115
440,87207,0,1,-118
441,87399,0,1,-122
442,87591,0,1,-122
443,87783,0,1,-122
444,87973,0,1,-131
445,88150,0,1,-144
446,88336,0,1,-158
447,88567,0,1,-174
448,88733,0,1,-185
449,88902,0,1,-193
450,89090,0,1,-200
451,89259,0,1,-206
452,89433,0,1,-212
453,89611,0,1,-218
454,89789,0,1,-220
455,89962,0,1,-224
456,90143,0,1,-229
457,90323,0,1,-233
458,90494,0,1,-236
459,90674,0,1,-240
460,90855,0,1,-243
461,91037,0,1,-246
462,91231,0,1,-250
463,91405,0,1,-252
464,91586,0,1,-255
465,91767,0,1,-257
466,91949,0,1,-260
467,92133,0,1,-263
468,92314,0,1,-266
469,92495,0,1,-268
470,92726,0,1,-270
471,92911,0,1,-264
472,93101,0,1,-255
473,93307,0,1,-389
474,93483,0,1,-498
475,93660,0,1,-525
476,93833,0,1,-548
477,94023,0,1,-536
478,94230,0,1,-548
479,94417,0,1,-591
480,94609,0,1,-613
481,94787,0,1,-600
482,94973,0,1,-585
483,95154,0,1,-609
484,95350,0,1,-642
485,95544,0,1,-645
486,95739,0,1,-656
487,95924,0,1,-705
488,96117,0,1,-747
489,96310,0,1,-767
490,96509,0,1,-779
491,96698,0,1,-788
492,96877,0,1,-794
493,97102,0,1,-803
494,97277,0,1,-807
495,97467,0,1,-810
496,97656,0,1,-813
497,97829,0,1,-816
498,98008,0,1,-819
499,98183,0,1,-820
500,98358,0,1,-821
501,98536,0,1,-823
502,98722,0,1,-825
503,98895,0,1,-826
504,99071,0,1,-828
505,99252,0,1,-829
506,99423,0,1,-829
507,99608,0,1,-812
508,99793,0,1,-787
509,99969,0,1,-773
510,100157,0,1,-772
511,100341,0,1,-778
512,100514,0,1,-782
513,100691,0,1,-841
514,100873,0,1,-2574
515,101056,0,1,-5345
516,101236,0,1,-6497
517,101455,0,1,-6567
518,101650,0,1,-6743
519,101836,0,1,-7280
520,102022,0,1,-7718
521,102215,0,1,-7794
522,102412,0,1,-7817
523,102607,0,1,-7836
524,102802,0,1,-7844
525,103001,0,1,-7851
526,103190,0,1,-7856
527,103381,0,1,-7860
528,103570,0,1,-7864
529,103775,0,1,-7867
530,103970,0,1,-7870
531,104167,0,1,-7874
532,104359,0,1,-7878
533,104547,0,1,-7879
534,104741,0,1,-7881
535,104935,0,1,-7883
536,105133,0,1,-7885
537,105333,0,1,-7887
538,105529,0,1,-7887
539,105731,0,1,-7888
540,105975,0,1,-7892
541,106183,0,1,-7894
542,106376,0,1,-7895
543,106567,0,1,-7896
544,106756,0,1,-7896
545,107205,0,1,-7900
546,107396,0,1,-7901
547,107588,0,1,-7902
548,107781,0,1,-7902
549,107985,0,1,-7903
550,108180,0,1,-7905
551,108375,0,1,-7906
552,108561,0,1,-7906
553,108758,0,1,-7907
554,108950,0,1,-7907
555,109142,0,1,-7909
556,109335,0,1,-7910
557,109531,0,1,-7910
558,109724,0,1,-7912
559,109914,0,1,-7914
560,110111,0,1,-7914
561,110305,0,1,-7916
562,110497,0,1,-7917
563,110692,0,1,-7917
564,110881,0,1,-7917
565,111121,0,1,-7919
566,111310,0,1,-7919
567,111503,0,1,-7919
568,111695,0,1,-7919
569,111949,0,1,-7921
570,112169,0,1,-7922
571,112367,0,1,-7923
572,112556,0,1,-7924
573,112750,0,1,-7924
574,112978,0,1,-7924
575,113202,0,1,-7926
576,113423,0,1,-7926
577,113631,0,1,-7926
578,113828,0,1,-7927
579,240368,0,1,-8043
580,240623,0,1,-8042
581,240863,0,1,-8043
582,241181,0,1,-8043
583,241491,0,1,-8042
584,241742,0,1,-8043
585,241976,0,1,-8043
586,242206,0,1,-8043
587,242433,0,1,-8043
588,242649,0,1,-8043
589,242883,0,1,-8043
590,243096,0,1,-8043
591,243308,0,1,-8043
592,243567,0,1,-8043
593,243788,0,1,-8043
594,244008,0,1,-8044
595,244217,0,1,-8044
596,244432,0,1,-8044
597,244647,0,1,-8044
598,244861,0,1,-8044
599,245086,0,1,-8044
600,245363,0,1,-8044
601,245584,0,1,-8045
602,245822,0,1,-8045
603,246055,0,1,-8045
604,280095,0,1,-8070
605,280382,0,1,-8071
606,280695,0,1,-8072
607,280981,0,1,-8073
608,281259,0,1,-8073
609,281496,0,1,-8073
610,281751,0,1,-8074
611,282007,0,1,-8074
612,282233,0,1,-8074
613,282462,0,1,-8075
614,282693,0,1,-8076
615,282978,0,1,-8076
616,283210,0,1,-8076
617,283448,0,1,-8076
618,283683,0,1,-8077
619,283917,0,1,-8078
620,284144,0,1,-8078
621,284371,0,1,-8077
622,284599,0,1,-8077
623,284821,0,1,-8078
624,285064,0,1,-8079
625,285338,0,1,-8080
626,285562,0,1,-8079
627,285798,0,1,-8080
628,286024,0,1,-8080
629,286258,0,1,-8079
630,286488,0,1,-8079
631,286715,0,1,-8079
632,286949,0,1,-8080
633,287194,0,1,-8079
634,287471,0,1,-8080
635,287699,0,1,-8081
636,287931,0,1,-8081
637,288169,0,1,-8080
638,288403,0,1,-8080
639,288636,0,1,-8080
640,288865,0,1,-8080
641,289101,0,1,-8080
642,289338,0,1,-8080
643,289632,0,1,-8080
644,289853,0,1,-8081
645,290096,0,1,-8082
646,290320,0,1,-8081
647,290553,0,1,-8081
648,290782,0,1,-8082
649,291015,0,1,-8083
650,291251,0,1,-8083
651,291475,0,1,-8082
652,291751,0,1,-8083
653,292032,0,1,-8083
654,292263,0,1,-8083
655,292494,0,1,-8082
656,292721,41,1,-8083
657,292952,41,1,-8083
658,293184,41,1,-8084
659,293422,0,1,-8083
660,293649,0,1,-8084
661,293881,0,1,-8085
662,294183,0,1,-8085
663,294404,0,1,-8085
664,294630,0,1,-8086
665,294858,0,1,-8086
666,295082,0,1,-8086
667,295582,0,1,-8086
668,295815,0,1,-8086
669,296045,0,1,-8087
670,296275,0,1,-8087
671,296547,0,1,-8087
672,296775,0,1,-8087
673,297014,0,1,-8086
674,297247,0,1,-8087
675,297481,0,1,-8087
676,297712,0,1,-8087
677,297940,0,1,-8088
678,298180,0,1,-8088
679,298413,0,1,-8088
680,298688,0,1,-8087
681,298918,0,1,-8087
682,299148,0,1,-8087
683,299382,0,1,-8087
684,299620,0,1,-8088
685,299848,0,1,-8088
686,300082,0,1,-8089
687,300316,0,1,-8088
688,300549,0,1,-8088
689,300783,0,1,-8088
690,301055,0,1,-8088
691,301283,0,1,-8089
692,301514,0,1,-8089
693,301756,0,1,-8089
694,302023,0,1,-8089
695,302248,0,1,-8088
696,302481,0,1,-8087
697,302711,0,1,-8087
698,302946,0,1,-8087
699,303222,0,1,-8087
700,303449,0,1,-8088
701,303681,0,1,-8087
702,303923,0,1,-8086
703,304153,0,1,-8086
704,304381,0,1,-8087
705,304615,0,1,-8087
706,304856,0,1,-8088
707,305098,0,1,-8088
708,305332,0,1,-8087
709,305605,0,1,-8088
710,305846,0,1,-8089
711,306081,0,1,-8089
712,306310,0,1,-8089
713,306541,0,1,-8087
714,306765,0,1,-8088
715,306998,0,1,-8089
716,307232,0,1,-8089
717,307461,0,1,-8089
718,307735,0,1,-8088
719,307967,0,1,-8089
720,308201,0,1,-8090
721,308431,0,1,-8089
722,308700,252,1,-8089
723,308932,368,1,-8088
724,309177,368,1,-8089
725,309415,368,1,-8089
726,309654,368,1,-8089
727,309923,368,1,-8089
728,310179,368,1,-8089
729,310412,368,1,-8089
730,310649,368,1,-8089
731,310890,368,1,-8089
732,311132,368,1,-8088
733,311374,368,1,-8089
734,311615,368,1,-8089
735,311853,368,1,-8089
736,312092,368,1,-8089
737,312391,368,1,-8089
738,312630,368,1,-8090
739,312867,368,1,-8091
740,313117,368,1,-8091
741,313360,368,1,-8091
742,313601,368,1,-8091
743,313840,368,1,-8091
744,314079,368,1,-8091
745,314333,368,1,-8091
746,314627,368,1,-8091
747,314860,368,1,-8091
748,315101,368,1,-8090
749,315336,368,1,-8091
750,315567,368,1,-8092
751,315802,368,1,-8092
752,316039,368,1,-8091
753,316272,368,1,-8092
754,316517,368,1,-8093
755,316815,368,1,-8093
756,317051,368,1,-8092
757,317294,368,1,-8092
758,317534,368,1,-8092
759,317768,368,1,-8094
760,318001,368,1,-8094
761,318243,368,1,-8095
762,318488,368,1,-8094
763,318726,368,1,-8094
764,319016,368,1,-8093
765,319251,368,1,-8094
766,319507,368,1,-8095
767,319743,368,1,-8094
768,319978,368,1,-8094
769,320219,368,1,-8094
770,320461,368,1,-8095
771,320706,368,1,-8095
772,320948,372,1,-8094
773,321232,381,1,-8095
774,321471,381,1,-8094
775,321715,404,1,-8095
776,321966,418,1,-8095
777,322215,426,1,-8095
778,322462,439,1,-8095
779,322717,451,1,-8095
780,322955,453,1,-8095
781,323198,463,1,-8096
782,323485,469,1,-8095
783,323722,471,1,-8095
784,323966,471,1,-8096
785,324233,478,1,-8096
786,324469,482,1,-8095
787,324711,498,1,-8095
788,324955,502,1,-8095
789,325199,509,1,-8095
790,325449,517,1,-8095
791,325757,523,1,-8094
792,326005,537,1,-8094
793,326248,546,1,-8095
794,326491,546,1,-8095
795,326732,557,1,-8095
796,326990,569,1,-8094
797,327231,572,1,-8094
798,327474,586,1,-8094
799,327716,604,1,-8094
800,328016,614,1,-8094
801,328265,632,1,-8094
802,328508,655,1,-8094
803,328760,655,1,-8095
804,329015,667,1,-8095
805,329250,669,1,-8095
806,329491,669,1,-8095
807,329732,670,1,-8094
808,329974,697,0,-8094
809,330252,704,0,-8094
810,330495,704,0,-8094
811,330738,708,1,-8095
812,330981,714,0,-8095
813,331229,717,0,-8094
814,331472,722,0,-8095
815,331714,739,0,-8095
816,332232,764,0,-8095
817,332460,765,0,-8095
818,332734,765,0,-8095
819,332982,765,0,-8096
820,333234,772,0,-8097
821,333483,772,0,-8096
822,333732,772,0,-8095
823,333977,784,-1,-8095
824,334220,792,-1,-8095
825,334469,792,-1,-8096
826,334724,795,-2,-8096
827,335018,795,-2,-8096
828,335290,795,-2,-8096
829,335532,799,-2,-8097
830,335782,802,-3,-8097
831,336033,822,-6,-8097
832,336277,823,-6,-8097
833,336523,832,-8,-8098
834,336766,833,-8,-8097
835,337019,833,-8,-8097
836,337345,833,-8,-8096
837,337630,838,-9,-8096
838,337877,847,-11,-8097
839,338125,847,-11,-8097
840,338367,847,-11,-8097
841,338612,847,-11,-8098
842,338865,847,-11,-8097
843,339111,847,-11,-8098
844,339363,847,-11,-8098
845,339647,847,-11,-8098
846,339891,847,-11,-8097
847,340140,847,-11,-8097
848,340387,847,-11,-8098
849,340632,847,-11,-8097
850,340870,847,-11,-8098
851,341118,847,-11,-8097
852,341357,847,-11,-8097
853,341610,847,-11,-8097
854,341910,847,-11,-8097
855,342155,847,-11,-8098
856,342403,847,-11,-8098
857,342649,847,-11,-8098
858,342899,847,-11,-8098
859,343145,848,-12,-8098
860,343384,898,-38,-8098
861,343637,902,-43,-8098
862,343875,918,-123,-8098
863,344175,929,-143,-8098
864,344420,929,-145,-8099
865,344662,929,-145,-8099
866,344903,929,-145,-8098
867,345150,929,-145,-8098
868,345398,929,-145,-8099
869,345650,929,-145,-8100
870,345896,929,-145,-8099
871,346137,929,-145,-8098
872,346427,929,-145,-8098
873,346667,929,-145,-8100
874,346915,935,-168,-8101
875,347160,969,-306,-8102
876,347404,981,-356,-8102
877,347650,994,-420,-8103
878,347909,1000,-454,-8103
879,348157,1011,-520,-8104
880,348399,1020,-570,-8104
881,348684,1034,-652,-8105
882,348932,1034,-652,-8104
883,349182,1034,-652,-8104
884,349434,1034,-652,-8105
885,349688,1034,-652,-8106
886,349947,1034,-652,-8107
887,350187,1034,-652,-8108
888,350430,1034,-651,-8108
889,350675,1034,-651,-8109
890,350975,1034,-652,-8109
891,351217,1034,-652,-8108
892,351466,1034,-652,-8109
893,351712,1034,-651,-8110
894,352047,1034,-652,-8109
895,352299,1034,-652,-8108
896,352552,1034,-652,-8108
897,352805,1034,-652,-8108
898,353056,1034,-651,-8108
899,353334,1034,-652,-8108
900,353575,1034,-651,-8108
901,353822,1034,-652,-8108
902,354074,1034,-652,-8108
903,354335,1034,-652,-8109
904,354581,1034,-652,-8109
905,354825,1034,-652,-8108
906,355067,1034,-652,-8107
907,355317,1034,-652,-8107
908,355604,1034,-652,-8108
909,355841,1034,-652,-8106
910,356086,1034,-652,-8106
911,356341,1034,-652,-8106
912,356585,1034,-652,-8106
913,356832,1034,-652,-8106
914,357078,1034,-652,-8106
915,357327,1034,-651,-8107
916,357574,1034,-652,-8107
917,357870,1034,-652,-8107
918,358119,1034,-651,-8106
919,358383,1034,-652,-8106
920,358626,1034,-651,-8106
921,358876,1034,-652,-8105
922,359124,1034,-651,-8106
923,359368,1034,-651,-8107
924,359621,1034,-651,-8107
925,359893,1034,-651,-8107
926,360183,1034,-652,-8106
927,360436,1034,-651,-8105
928,360686,1034,-651,-8106
929,360934,1034,-651,-8105
930,361181,1034,-651,-8105
931,361431,1034,-651,-8106
932,361678,1034,-651,-8107
933,361930,1034,-651,-8107
934,362176,1034,-651,-8107
935,362483,1034,-651,-8106
936,362732,1034,-651,-8106
937,362986,1034,-651,-8106
938,363229,1034,-651,-8107
939,363470,1034,-651,-8107
940,363715,1034,-651,-8106
941,363967,1034,-651,-8106
942,364216,1034,-651,-8104
943,364476,1034,-651,-8105
944,364795,1034,-651,-8105
945,365042,1034,-651,-8106
946,365292,1034,-651,-8105
947,365541,1030,-635,-8105
948,365786,991,-413,-8105
949,366039,990,-405,-8105
950,366285,960,-265,-8106
951,366534,928,-147,-8105
952,366845,898,-40,-8106
953,367086,883,-28,-8105
954,367334,880,-26,-8106
955,367583,868,-20,-8106
956,367832,862,-17,-8105
957,368087,842,-10,-8106
958,368335,835,-8,-8106
959,368583,825,-6,-8105
960,368859,807,-3,-8106
961,369145,783,-1,-8105
962,369395,762,0,-8105
963,369646,732,0,-8106
964,369892,730,0,-8105
965,370400,700,0,-8106
966,370639,685,1,-8106
967,370888,670,1,-8106
968,371137,652,1,-8106
969,371387,639,1,-8105
970,371675,627,1,-8106
971,371914,618,1,-8107
972,372156,607,1,-8107
973,372402,589,1,-8107
974,372652,577,1,-8107
975,372898,569,1,-8107
976,373158,559,1,-8107
977,373402,549,1,-8107
978,373648,537,1,-8108
979,373938,531,1,-8108
980,374187,526,1,-8108
981,374435,512,1,-8108
982,374685,499,1,-8108
983,374935,483,1,-8108
984,375191,467,1,-8108
985,375435,451,1,-8107
986,375685,442,1,-8107
987,375940,413,1,-8109
988,376236,389,1,-8108
989,376481,381,1,-8108
990,376724,363,1,-8108
991,376969,343,1,-8108
992,377229,317,1,-8108
993,377475,307,1,-8108
994,377717,286,1,-8108
995,377972,253,1,-8108
996,378219,217,1,-8108
997,378525,195,1,-8108
998,378769,195,1,-8109
999,379017,130,1,-8108
1000,379284,10,1,-8107
1001,379531,0,6,-8108
1002,379781,0,40,-8108
1003,380030,0,50,-8108
1004,380275,0,50,-8108
1005,380540,0,610,-8108
1006,380823,0,1166,-8107
1007,381064,0,1220,-8107
1008,381318,0,1235,-8107
1009,381570,0,1235,-8108
1010,381822,0,1659,-8108
1011,382108,0,2906,-8108
1012,382353,0,3840,-8108
1013,382609,0,4061,-8107
1014,382872,0,4811,-8107
1015,383208,0,5509,-8107
1016,383467,0,5555,-8107
1017,383726,0,6016,-8106
1018,383987,0,6796,-8108
1019,384269,0,7578,-8108
1020,384521,0,8502,-8108
1021,384783,0,8886,-8108
1022,385063,0,8831,-8108
1023,385380,0,8795,-8108
1024,385650,0,8517,-8108
1025,385934,0,8348,-8108
1026,386191,0,8339,-8108
1027,386442,0,8336,-8108
1028,386693,0,8345,-8108
1029,386947,0,8310,-8109
1030,387199,0,7063,-8108
1031,387455,0,7035,-8108
1032,387769,0,7025,-8108
1033,388020,0,7141,-8107
1034,388285,0,7326,-8108
1035,388542,0,7831,-8109
1036,388803,0,8222,-8109
1037,389061,0,8550,-8109
1038,389318,0,8798,-8110
1039,389575,0,9253,-8109
1040,389902,0,9427,-8109
1041,390153,0,9894,-8108
1042,390410,0,10290,-8109
1043,390662,0,10350,-8109
1044,390915,0,10588,-8109
1045,391179,0,10871,-8109
1046,391436,0,10934,-8109
1047,391693,0,11321,-8108
1048,392010,0,11408,-8108
1049,392260,0,11491,-8109
1050,392514,0,11489,-8109
1051,392768,0,11490,-8109
1052,393020,0,11488,-8109
1053,393277,0,11504,-8109
1054,393533,0,11913,-8109
1055,393794,0,12258,-8109
1056,394127,0,12385,-8108
1057,394380,0,12548,-8107
1058,394633,0,12561,-8108
1059,394884,0,12573,-8109
1060,395143,0,12633,-8109
1061,395395,0,12698,-8108
1062,395651,0,12689,-8110
1063,395906,0,12693,-8109
1064,396224,0,12688,-8110
1065,396476,0,12688,-8110
1066,396735,0,12691,-8111
1067,396996,0,12695,-8111
1068,397272,0,12693,-8110
1069,397528,0,12694,-8110
1070,397781,0,12695,-8110
1071,398036,0,12694,-8111
1072,398322,0,12691,-8111
1073,398706,0,12691,-8110
1074,398957,0,12695,-8109
1075,399213,0,12696,-8109
1076,399465,0,12700,-8110
1077,399720,0,12696,-8110
1078,399977,0,12696,-8110
1079,400244,0,12696,-8108
1080,400526,0,12696,-8109
1081,400843,0,12697,-8110
1082,401102,0,12697,-8109
1083,401361,0,12700,-8109
1084,401616,0,12699,-8109
1085,401868,0,12700,-8110
1086,402123,0,12700,-8111
1087,402380,0,12696,-8110
1088,402635,0,12698,-8110
1089,402887,0,12700,-8111
1090,403262,0,12703,-8112
1091,403514,0,12700,-8112
1092,403770,0,12695,-8112
1093,404023,0,12692,-8111
1094,404278,0,12695,-8111
1095,404570,0,12696,-8112
1096,404838,0,12701,-8112
1097,405095,0,12701,-8112
1098,405400,0,12697,-8111
1099,405647,0,12698,-8111
1100,405901,0,12699,-8112
1101,406155,0,12699,-8111
1102,406406,0,12699,-8110
1103,406685,0,12695,-8110
1104,406937,0,12691,-8110
1105,407199,0,12692,-8109
1106,407504,0,12695,-8109
1107,407759,0,12693,-8109
1108,408013,0,12695,-8109
1109,408271,0,12696,-8110
1110,408547,0,12696,-8109
1111,409062,0,12697,-8111
1112,409310,0,12696,-8110
1113,409561,0,12699,-8110
1114,409864,0,12697,-8110
1115,410113,0,12693,-8109
1116,410370,0,12695,-8110
1117,410623,0,12691,-8110
1118,410896,0,12694,-8110
1119,411149,0,12693,-8109
1120,411394,0,12695,-8109
1121,411637,0,12695,-8110
1122,411884,0,12694,-8110
1123,412249,0,12693,-8109
1124,412494,0,12697,-8109
1125,412737,0,12698,-8109
1126,412997,0,12697,-8109
1127,413237,0,12697,-8109
1128,413483,0,12696,-8109
1129,413724,0,12697,-8110
1130,413969,0,12694,-8110
1131,414276,0,12700,-8110
1132,414518,0,12696,-8110
1133,414769,0,12696,-8110
1134,415027,0,12695,-8112
1135,415266,0,12693,-8113
1136,415504,0,12693,-8114
1137,415749,0,12691,-8114
1138,415988,0,12696,-8113
1139,416234,0,12695,-8114
1140,416478,0,12699,-8114
1141,416772,0,12698,-8115
1142,417022,0,12699,-8116
1143,417270,0,12698,-8115
1144,417514,0,12697,-8115
1145,417762,0,12697,-8116
1146,418007,0,12696,-8116
1147,418197,0,12698,-8116
1148,418453,0,12698,-8115
1149,418696,0,12695,-8116
1150,418980,0,12696,-8115
1151,419235,0,12695,-8115
1152,419476,0,12696,-8115
1153,419720,0,12698,-8115
1154,419966,0,12695,-8116
1155,420206,0,12690,-8116
1156,420454,0,12693,-8116
1157,420702,0,12691,-8116
1158,420944,0,12691,-8116
1159,421241,0,12695,-8116
1160,421495,0,12694,-8114
1161,421737,0,12700,-8115
1162,421995,0,12696,-8115
1163,422237,0,12695,-8115
1164,422486,0,12697,-8115
1165,422731,0,12693,-8115
1166,422985,0,12695,-8116
1167,423227,0,12695,-8116
1168,423523,0,12693,-8115
1169,423768,0,12696,-8115
1170,424004,0,12696,-8115
1171,424250,0,12700,-8115
1172,424491,0,4455,-8114
1173,424739,0,1,-8115
1174,424986,0,1,-8114
1175,425236,0,1,-8113
1176,425494,0,1,-8113
1177,425795,0,1,-8113
1178,426044,0,1,-8114
1179,426288,0,1,-8114
1180,426552,0,1,-8113
1181,426805,0,1,-8113
1182,427053,0,1,-8113
1183,427302,0,1,-8113
1184,427576,0,1,-8113
1185,427848,0,1,-8113
1186,428169,0,1,-8114
1187,428418,0,1,-8114
1188,428671,0,1,-8114
1189,428918,0,1,-8115
1190,429165,0,1,-8115
1191,429405,0,1,-8116
1192,429656,0,1,-8115
1193,429903,0,1,-8116
1194,430155,0,1,-8116
1195,430444,0,1,-8116
1196,430682,0,1,-8116
1197,430924,0,1,-8116
1198,431171,0,1,-8115
1199,431416,0,1,-8116
1200,431656,0,1,-8116
1201,431900,0,1,-8115
1202,432142,0,1,-8115
1203,432387,0,1,-8115
1204,432667,0,1,-8115
1205,432916,0,1,-8116
1206,433170,0,1,-8117
1207,433411,0,1,-8116
1208,433655,0,1,-8117
1209,433917,0,1,-8116
1210,434160,0,1,-8116
1211,434404,0,1,-8116
1212,434645,0,1,-8116
1213,434927,0,1,-8116
1214,435171,0,1,-8116
1215,435415,0,1,-8116
1216,435655,0,1,-8116
1217,435903,0,1,-8116
1218,436140,0,1,-8118
1219,436377,0,1,-8118
1220,436620,0,1,-8117
1221,436865,0,1,-8117
1222,437184,0,1,-8117
1223,437428,0,1,-8113
1224,437668,0,1,-8108
1225,437908,0,1,-8106
1226,438158,0,1,-8099
1227,438393,0,1,-8083
1228,438635,0,1,-8071
1229,438875,0,1,-8071
1230,439117,0,1,-8067
1231,439413,0,1,-8059
1232,439651,0,1,-8084
1233,439891,0,1,-8162
1234,440148,0,1,-8211
1235,440389,0,1,-11345
1236,440635,0,1,-20156
1237,440873,0,1,-21312
1238,441121,0,1,-21936
1239,441366,0,1,-22444
1240,441652,0,1,-22823
1241,441891,0,1,-23026
1242,442136,0,1,-23267
1243,442378,0,1,-23463
1244,442622,0,1,-23576
1245,442862,0,1,-23715
1246,443107,0,1,-23803
1247,443344,0,1,-23847
1248,443583,0,1,-23902
1249,443869,0,1,-24005
1250,444128,0,1,-24477
1251,444378,0,1,-24786
1252,444618,0,1,-24993
1253,444863,0,1,-25090
1254,445104,0,1,-25201
1255,445351,0,1,-26864
1256,445591,0,1,-28059
1257,445859,0,1,-28583
1258,446145,0,1,-28655
1259,446396,0,1,-29600
1260,446646,0,1,-31056
1261,446895,0,1,-32278
1262,447142,0,1,-32589
1263,447656,0,1,-33051
1264,447899,0,1,-33073
1265,448144,0,1,-33082
1266,448392,0,1,-33069
1267,448694,0,1,-33063
1268,448934,0,1,-33085
1269,449178,0,1,-33104
1270,449428,0,1,-33124
1271,449678,0,1,-33137
1272,449926,0,1,-33142
1273,450176,0,1,-33148
1274,450429,0,1,-33154
1275,450709,0,1,-33159
1276,451000,0,1,-33162
1277,451249,0,1,-33165
1278,451491,0,1,-33166
1279,451738,0,1,-33169
1280,451991,0,1,-33171
1281,452236,0,1,-33173
1282,452472,0,1,-33174
1283,452706,0,1,-33175
1284,452961,0,1,-33175
1285,453253,0,1,-33176
1286,453497,0,1,-33177
1287,453742,0,1,-33178
1288,453988,0,1,-33178
1289,454238,0,1,-33179
1290,454490,0,1,-33179
1291,454753,0,1,-33180
1292,455024,0,1,-33180
1293,455312,0,1,-33181
1294,455602,0,1,-33182
1295,455849,0,1,-33183
1296,456097,0,1,-33183
1297,456339,0,1,-33183
1298,456589,0,1,-33184
1299,456847,0,1,-33184
1300,457092,0,1,-33184
1301,457342,0,1,-33184
1302,457593,0,1,-33184
1303,457905,0,1,-33184
1304,458155,0,1,-33185
1305,458405,0,1,-33185
1306,458659,0,1,-33185
1307,458914,0,1,-33185
1308,459175,0,1,-33185
1309,459456,0,1,-33186
1310,459711,0,1,-33187
1311,460021,0,1,-33188
1312,460265,0,1,-33188
1313,460514,0,1,-33188
1314,460762,0,1,-33188
1315,461019,0,1,-33189
1316,461267,0,1,-33189
1317,461519,0,1,-33190
1318,461769,0,1,-33190
1319,462020,0,1,-33190
1320,462328,0,1,-33190
1321,462575,0,1,-33191
1322,462825,0,1,-33190
1323,463079,0,1,-33192
1324,463326,0,1,-33193
1325,463575,0,4592,-33193
1326,463823,0,12736,-33192
1327,464087,0,12731,-33193
1328,464335,0,12737,-33193
1329,464638,0,12739,-33193
1330,464894,0,12761,-33193
1331,465144,0,12764,-33192
1332,465394,0,12763,-33193
1333,465643,0,12763,-33193
1334,465901,0,12756,-33193
1335,466142,0,12778,-33193
1336,466389,0,12783,-33193
1337,466640,0,12786,-33193
1338,466937,0,12783,-33194
1339,467178,0,12768,-33193
1340,467429,0,12779,-33194
1341,467675,0,12783,-33194
1342,467923,0,12785,-33194
1343,468172,0,12764,-33195
1344,468422,0,12625,-33195
1345,468673,0,12771,-33194
1346,468922,0,13095,-33194
1347,469207,0,13125,-33194
1348,469466,0,13318,-33195
1349,469712,0,13558,-33195
1350,469963,0,13441,-33196
1351,470215,0,13154,-33196
1352,470461,0,12749,-33196
1353,470710,0,12570,-33196
1354,470961,0,12540,-33197
1355,471224,0,12038,-33196
1356,471523,0,11784,-33197
1357,471764,0,10701,-33198
1358,472088,0,9297,-33197
1359,472332,0,7723,-33197
1360,472575,0,5690,-33197
1361,472821,0,5088,-33197
1362,473076,0,3611,-33197
1363,473323,0,539,-33197
1364,473649,0,133,-33197
1365,473887,0,1,-33197
1366,474162,100,1,-33198
1367,474404,101,1,-33198
1368,474653,102,1,-33198
1369,474898,105,1,-33198
1370,475145,102,1,-33198
1371,475390,101,1,-33199
1372,475648,101,1,-33199
1373,475956,101,1,-33199
1374,476207,105,1,-33198
1375,476456,102,1,-33198
1376,476706,101,1,-33198
1377,476958,101,1,-33199
1378,477209,101,1,-33199
1379,477457,101,1,-33199
1380,477730,102,1,-33199
1381,478033,101,1,-33199
1382,478288,101,1,-33200
1383,478540,103,1,-33201
1384,478792,103,1,-33200
1385,479047,101,1,-33201
1386,479295,101,1,-33201
1387,479540,101,1,-33202
1388,479798,102,1,-33201
1389,480051,102,1,-33201
1390,480352,101,1,-33201
1391,480598,101,1,-33201
1392,480854,101,1,-33200
1393,481104,102,1,-33201
1394,481362,105,1,-33201
1395,481610,101,1,-33201
1396,481867,101,1,-33202
1397,482122,101,1,-33202
1398,482388,101,1,-33202
1399,482681,101,1,-33201
1400,482930,100,1,-33201
1401,483179,98,1,-33202
1402,483428,97,1,-33201
1403,483680,98,1,-33201
1404,483928,101,1,-33201
1405,484185,97,1,-33201
1406,484433,95,1,-33200
1407,484683,95,1,-33201
1408,484992,95,1,-33200
1409,485243,100,1,-33200
1410,485495,97,1,-33199
1411,486039,132,1,-33199
1412,486280,173,1,-33198
1413,486530,182,1,-33198
1414,486781,181,1,-33198
1415,487030,201,1,-33198
1416,487282,233,1,-33199
1417,487577,261,1,-33199
1418,487825,273,1,-33198
1419,488078,290,1,-33199
1420,488342,321,1,-33198
1421,488595,338,1,-33198
1422,488846,367,1,-33197
1423,489096,378,1,-33197
1424,489354,393,1,-33197
1425,489645,419,1,-33198
1426,489892,438,1,-33199
1427,490147,446,1,-33198
1428,490405,468,1,-33198
1429,490655,471,1,-33198
1430,490910,469,1,-33199
1431,491161,469,1,-33199
1432,491431,469,1,-33199
1433,491680,469,1,-33198
1434,491990,469,1,-33198
1435,492245,468,1,-33198
1436,492512,468,1,-33198
1437,492762,468,1,-33198
1438,493015,468,1,-33197
1439,493272,469,1,-33198
1440,493524,468,1,-33198
1441,493777,467,1,-33199
1442,494076,467,1,-33199
1443,494320,468,1,-33198
1444,494594,469,1,-33198
1445,494846,468,1,-33198
1446,495102,468,1,-33198
1447,495356,468,1,-33199
1448,495608,468,1,-33198
1449,495862,469,1,-33198
1450,496171,468,1,-33199
1451,496419,468,1,-33199
1452,496681,467,1,-33200
1453,496934,467,1,-33199
1454,497182,471,1,-33199
1455,497431,469,1,-33199
1456,497681,468,1,-33198
1457,497931,468,1,-33199
1458,498224,468,1,-33199
1459,498479,468,1,-33198
1460,498743,467,1,-33198
1461,498992,468,1,-33198
1462,499244,468,1,-33199
1463,499491,468,1,-33199
1464,499736,467,1,-33199
1465,499983,471,1,-33199
1466,500274,468,1,-33199
1467,500521,468,1,-33199
1468,500778,467,1,-33199
1469,501025,468,1,-33199
1470,501276,469,1,-33199
1471,501524,468,1,-33200
1472,501776,468,1,-33201
1473,502050,468,1,-33200
1474,502303,468,1,-33200
1475,502624,469,1,-33201
1476,502889,468,1,-33201
1477,503136,468,1,-33201
1478,503393,468,1,-33200
1479,503650,469,1,-33200
1480,503902,469,1,-33201
1481,504179,468,1,-33202
1482,504447,468,1,-33201
1483,504742,468,1,-33203
1484,505013,471,1,-33201
1485,505260,476,1,-33201
1486,505523,498,1,-33201
1487,505772,517,1,-33201
1488,506051,522,1,-33200
1489,506302,526,1,-33200
1490,506556,528,1,-33202
1491,506852,553,1,-33202
1492,507116,566,1,-33203
1493,507361,572,1,-33203
1494,507613,588,1,-33202
1495,507864,604,1,-33203
1496,508118,618,1,-33203
1497,508374,630,1,-33205
1498,508625,659,1,-33204
1499,508920,689,1,-33205
1500,509179,724,0,-33205
1501,509431,783,-1,-33204
1502,509682,858,-16,-33204
1503,509931,875,-24,-33203
1504,510181,880,-27,-33203
1505,510429,878,-25,-33203
1506,510683,878,-25,-33202
1507,510935,878,-25,-33203
1508,511243,922,-133,-33204
1509,511496,943,-197,-33203
1510,511747,985,-380,-33204
1511,512005,996,-436,-33204
1512,512258,996,-436,-33203
1513,512508,996,-437,-33203
1514,512759,1000,-453,-33202
1515,513013,995,-430,-33203
1516,513264,995,-430,-33202
1517,513578,995,-430,-33202
1518,513828,996,-435,-33202
1519,514081,998,-441,-33202
1520,514332,995,-426,-33203
1521,514580,995,-426,-33203
1522,514832,995,-427,-33202
1523,515086,995,-428,-33202
1524,515333,999,-447,-33202
1525,515608,995,-426,-33203
1526,515909,995,-426,-33203
1527,516158,995,-426,-33202
1528,516409,996,-435,-33202
1529,516660,996,-427,-33202
1530,516913,994,-423,-33202
1531,517166,994,-423,-33202
1532,517415,994,-423,-33202
1533,517694,995,-428,-33203
1534,517945,994,-421,-33203
1535,518234,994,-421,-33202
1536,518487,994,-421,-33202
1537,518740,994,-421,-33203
1538,518992,996,-432,-33203
1539,519245,994,-423,-33204
1540,519495,994,-420,-33204
1541,519761,993,-420,-33204
1542,520033,994,-420,-33205
1543,520371,996,-433,-33205
1544,520624,995,-430,-33205
1545,520877,995,-430,-33204
1546,521134,995,-429,-33204
1547,521386,995,-429,-33204
1548,521634,996,-433,-33204
1549,521895,996,-433,-33205
1550,522148,994,-420,-33205
1551,522439,993,-420,-33206
1552,522691,994,-420,-33207
1553,522948,995,-431,-33207
1554,523196,996,-431,-33207
1555,523447,994,-422,-33208
1556,523698,994,-422,-33208
1557,524210,995,-430,-33210
1558,524460,993,-418,-33210
1559,524708,993,-416,-33209
1560,524996,993,-416,-33209
1561,525248,993,-419,-33210
1562,525494,995,-431,-33209
1563,525745,994,-421,-33208
1564,526008,993,-416,-33209
1565,526264,993,-415,-33209
1566,526514,993,-415,-33208
1567,526765,994,-420,-33208
1568,527069,994,-424,-33208
1569,527315,993,-416,-33209
1570,527563,993,-416,-33210
1571,527810,993,-418,-33210
1572,528076,995,-430,-33210
1573,528332,993,-418,-33210
1574,528582,993,-416,-33211
1575,528831,993,-416,-33211
1576,529126,994,-421,-33212
1577,529376,996,-438,-33211
1578,529640,994,-421,-33210
1579,529888,993,-416,-33210
1580,530157,993,-416,-33210
1581,530407,994,-424,-33210
1582,530660,995,-430,-33210
1583,530917,993,-419,-33210
1584,531228,993,-418,-33210
1585,531480,993,-418,-33210
1586,531728,994,-422,-33210
1587,532042,994,-421,-33210
1588,532308,993,-415,-33211
1589,532557,993,-414,-33211
1590,532809,993,-414,-33211
1591,533061,994,-422,-33212
1592,533364,994,-421,-33212
1593,533611,991,-413,-33212
1594,533864,991,-413,-33213
1595,534143,993,-415,-33211
1596,534408,1015,-539,-33212
1597,534657,1038,-678,-33212
1598,534908,1049,-753,-33211
1599,535159,1060,-827,-33211
1600,535448,1064,-861,-33211
1601,535698,1069,-894,-33211
1602,535950,1073,-923,-33211
1603,536205,1088,-1033,-33210
1604,536468,1095,-1096,-33139
1605,536714,1099,-1128,-32494
1606,536973,1114,-1250,-32307
1607,537222,1111,-1230,-32303
1608,537520,1111,-1228,-32298
1609,537765,1115,-1258,-32296
1610,538024,1120,-1301,-32295
1611,538276,1134,-1415,-32292
1612,538542,1144,-1498,-32289
1613,538795,1145,-1518,-32287
1614,539046,1158,-1622,-32285
1615,539294,1166,-1708,-32282
1616,539602,1178,-1803,-32281
1617,539850,1204,-2060,-32279
1618,540099,1215,-2161,-32277
1619,540350,1221,-2224,-32276
1620,540614,1234,-2351,-32275
1621,540868,1260,-2592,-32273
1622,541124,1281,-2815,-32271
1623,541375,1301,-3021,-32270
1624,541628,1344,-3458,-32269
1625,541942,1355,-3588,-32269
1626,542196,1356,-3597,-32268
1627,542448,1359,-3616,-32267
1628,542710,1385,-3888,-32265
1629,542966,1402,-4070,-32264
1630,543216,1407,-4115,-32263
1631,543464,1424,-4275,-32262
1632,543719,1439,-4421,-32262
1633,543971,1442,-4468,-32260
1634,544266,1457,-4602,-32259
1635,544532,1474,-4743,-32259
1636,544795,1486,-4859,-32258
1637,545050,1496,-4936,-32257
1638,545301,1495,-4938,-32257
1639,545548,1496,-4937,-32256
1640,545808,1496,-4938,-32255
1641,546062,1496,-4940,-32255
1642,546357,1495,-4933,-32254
1643,546608,1495,-4933,-32254
1644,546887,1495,-4934,-32252
1645,547133,1497,-4948,-32252
1646,547388,1495,-4932,-32252
1647,547645,1495,-4931,-32251
1648,547895,1495,-4931,-32250
1649,548151,1495,-4932,-32251
1650,548525,1495,-4936,-32251
1651,548838,1495,-4933,-32249
1652,549109,1495,-4933,-32249
1653,549370,1495,-4934,-32249
1654,549625,1495,-4938,-32248
1655,549901,1495,-4936,-32248
1656,550181,1495,-4933,-32248
1657,550433,1495,-4934,-32248
1658,550744,1495,-4937,-32247
1659,551004,1495,-4934,-32246
1660,551259,1495,-4933,-32245
1661,551512,1495,-4933,-32246
1662,551762,1495,-4933,-32245
1663,552018,1496,-4940,-32245
1664,552271,1495,-4935,-32244
1665,552518,1495,-4934,-32244
1666,552781,1495,-4933,-32244
1667,553087,1495,-4933,-32243
1668,553351,1496,-4938,-32243
1669,553607,1496,-4938,-32243
1670,553859,1495,-4931,-32242
1671,554112,1495,-4931,-32241
1672,554366,1495,-4931,-32241
1673,554616,1495,-4934,-32241
1674,554867,1495,-4938,-32240
1675,555161,1495,-4931,-32240
1676,555415,1495,-4930,-32240
1677,555669,1495,-4929,-32240
1678,555923,1495,-4928,-32239
1679,556182,1495,-4930,-32238
1680,556433,1494,-4923,-32239
1681,556681,1494,-4923,-32239
1682,556933,1494,-4922,-32238
1683,557232,1495,-4928,-32236
1684,557489,1495,-4934,-32236
1685,557759,1494,-4925,-32237
1686,558012,1495,-4927,-32236
1687,558265,1495,-4926,-32235
1688,558525,1495,-4931,-32234
1689,558776,1491,-4903,-32234
1690,559027,1359,-3633,-32234
1691,559278,1285,-2853,-32233
1692,559598,1214,-2164,-32232
1693,559850,1086,-1032,-32233
1694,560099,986,-397,-32232
1695,560357,894,-72,-32231
1696,560611,790,-1,-32230
1697,560865,767,0,-32231
1698,561115,578,1,-32231
1699,561365,517,1,-32231
1700,561639,516,1,-32231
1701,561944,473,1,-32230
1702,562193,461,1,-32229
1703,562450,429,1,-32229
1704,562700,401,1,-32229
1705,563216,337,1,-32228
1706,563464,281,1,-32228
1707,563727,193,1,-32227
1708,563981,142,1,-32226
1709,564315,115,1,-32226
1710,564560,95,1,-32226
1711,564823,75,1,-32225
1712,565070,71,1,-32225
1713,565325,37,1,-32224
1714,565575,21,1,-32224
1715,565843,13,1,-32223
1716,566162,15,1,-32223
1717,566417,15,1,-32222
1718,566671,15,1,-32222
1719,566929,15,1,-32222
1720,567187,15,1,-32222
1721,567442,15,1,-32222
1722,567701,13,1,-32222
1723,568007,13,1,-32220
1724,568249,13,1,-32220
1725,568564,13,1,-32220
1726,568814,15,1,-32220
1727,569176,13,1,-32219
1728,569427,13,1,-32219
1729,569678,12,1,-32219
1730,569940,0,1,-32219
1731,570193,0,1,-32219
1732,570448,0,1,-32219
1733,570700,0,1,-32218
1734,571032,0,1,-32218
1735,571285,0,1,-32217
1736,571533,0,1,-32217
1737,571789,0,1,-32216
1738,572061,0,1,-32216
1739,572361,0,1,-32216
1740,572639,0,1,-32216
1741,572929,0,1,-32216
1742,573278,0,1,-32216
1743,573574,0,1,-32215
1744,573863,0,1,-32214
1745,574131,0,1,-32215
1746,574393,0,1,-32214
1747,574644,0,1,-32214
1748,574901,0,1,-32214
1749,575164,0,1,-32214
1750,575470,0,1,-32214
1751,575727,0,1,-32213
1752,575989,0,1,-32212
1753,576257,0,103,-32212
1754,576512,0,5,-32212
1755,576770,0,29,-32212
1756,577027,0,15,-32212
1757,577276,0,3,-32212
1758,577575,0,1,-32212
1759,577831,0,1,-32212
1760,578086,0,1,-32211
1761,578348,0,1,-32211
1762,578614,5,1,-32210
1763,578871,7,1,-32210
1764,579149,10,1,-32210
1765,579402,10,1,-32209
1766,579742,11,1,-32209
1767,579997,11,1,-32209
1768,580259,11,1,-32208
1769,580527,12,1,-32208
1770,580793,12,1,-32209
1771,581045,12,1,-32208
1772,581289,12,1,-32217
1773,581548,12,1,-32222
1774,581846,12,1,-32218
1775,582098,12,1,-32214
1776,582356,12,1,-32214
1777,582618,12,1,-32212
1778,582877,12,1,-32210
1779,583135,12,1,-32208
1780,583390,12,1,-32207
1781,583644,12,1,-32206
1782,583947,12,1,-32204
1783,584197,12,1,-32203
1784,584452,12,1,-32202
1785,584718,11,1,-32201
1786,584980,11,1,-32201
1787,585230,11,1,-32201
1788,585483,11,1,-32200
1789,585735,11,1,-32199
1790,586028,11,1,-32199
1791,586282,11,1,-32198
1792,586536,10,1,-32198
1793,586797,10,1,-32197
1794,587053,10,1,-32197
1795,587309,10,1,-32196
1796,587562,10,1,-32197
1797,587817,10,1,-32196
1798,588121,10,1,-32194
1799,588372,10,1,-32195
1800,588634,8,1,-32195
1801,588904,8,1,-32195
1802,589159,8,1,-32195
1803,589416,8,1,-32194
1804,589698,8,1,-32194
1805,589953,8,1,-32193
1806,590264,8,1,-32193
1807,590517,8,1,-32193
1808,590776,7,1,-32193
1809,591038,7,1,-32193
1810,591295,7,1,-32192
1811,591567,7,1,-32191
1812,591817,7,1,-32191
1813,592162,7,1,-32192
1814,592462,7,1,-32192
1815,592719,7,1,-32192
1816,592985,7,1,-32194
1817,593236,7,1,-32195
1818,593490,7,1,-32194
1819,593747,6,1,-32194
1820,594005,6,1,-32195
1821,594281,6,1,-32196
1822,594594,6,1,-32196
1823,594851,6,1,-32195
1824,595114,6,1,-32194
1825,595368,6,1,-32193
1826,595622,6,1,-32193
1827,595877,6,1,-32193
1828,596134,6,1,-32192
1829,596385,5,1,-32192
1830,596635,6,1,-32192
1831,596957,5,1,-32192
1832,597225,5,1,-32191
1833,597478,5,1,-32192
1834,597735,5,1,-32191
1835,597996,5,1,-32191
1836,598288,5,1,-32191
1837,598563,5,1,-32191
1838,598841,5,1,-32190
1839,599176,5,1,-32190
1840,599479,5,1,-32190
1841,599738,5,1,-32189
1842,599999,5,1,-32190
1843,600259,5,1,-32186
1844,600515,5,1,-31962
1845,600781,3,1,-31193
1846,601047,5,1,-31371
1847,601355,5,1,-31398
1848,601614,3,1,-31287
1849,601863,3,1,-30455
1850,602120,3,1,-30858
1851,602376,3,1,-31169
1852,602628,3,1,-31171
1853,603147,3,1,-31152
1854,603410,3,1,-30856
1855,603716,3,1,-30956
1856,603963,3,1,-31449
1857,604215,3,1,-31256
1858,604468,3,1,-31177
1859,604719,3,1,-31162
1860,604998,3,1,-32794
1861,605250,3,1,-47871
1862,605513,3,1,-54931
1863,605823,3,1,-56581
1864,606100,3,1,-56600
1865,606376,2,1,-56610
1866,606646,2,1,-56617
1867,606908,2,1,-56621
1868,607167,2,1,-56625
1869,607424,2,1,-56627
